Id,Label,timeset,name
0,0,,4fa8c39cf6faddad244924cc257a4afd
1,1,,bec1c2d15aea5486ced6549ac50c80c7
2,2,,23a1fcd343d5c50c77a039af50737bf1
3,3,,ceead6e519d90a823fee4b806c9f01b4
4,4,,b8a3624a60d9bd1844a4738dece3946e
5,5,,638991b64c1810e581389a621fad6070
6,6,,2448e078811a3ef81b263c8617ce7c80
7,7,,e75d69a6090242a6d0959786ef33d6dd
8,8,,820d73a7ed559fabfda1b1e0da5dff98
9,9,,243578db7226e04869f6792160c61057
10,10,,ed14b963357da12ef7b917ccad876948
11,11,,c5c071a30e7cbf55f348228657616193
12,12,,52caf37bb1be39a07e136570e2d00cff
13,13,,43ad2e043d057de625e1fbd39d317558
14,14,,619e7cee18dbc107b864b9d6e12f5aa8
15,15,,af05dfb55af6c9229ff1737b69ac2288
16,16,,0075e2d56eb30004e2d236fee31ea2c2
17,17,,3c7909ffa71932ca013af247908fc65d
18,18,,640eed3afdd59b3a157963a5b0554a49
19,19,,0c1cd57097ea3272a109f2937a64bd45
20,20,,2891f91df92a140cf017667a9b23118e
21,21,,8d05b56c1b2655104926634c49245dc0
22,22,,bf6043743d10b9453e80c478cb8fd2cd
23,23,,40c9a25a41beebf7e0378a3cb5308d54
24,24,,6bc38d7140c53d94bc6cfeaf354a2f22
25,25,,cd78c7df99afe3f94510bfd2670317d4
26,26,,ca10cec94244f9be150473061c626a5c
27,27,,88022912d92fcdf9b8f777a11589153d
28,28,,4f84e77f8446b02e2da1315eea98739b
29,29,,7db5cbbfb2a28d0b98649026e88c0a6c
30,30,,48cde2cc6403cf7d477bbce7c9886c15
31,31,,e107ec2a8a7bff1ee7720bfe8e572a16
32,32,,b020f8be9046107327c3ffc116f1c02e
33,33,,6d115b9f5b3b697332724b73879e9a16
34,34,,e7e64e4db792f41f6215f16f7ce551a7
35,35,,e19ed70f336b6052ea8070c70b68e304
36,36,,d52e26e76da99c2ac3c51be36dc295ca
37,37,,4e6a941cf6cafa99511b9ddd0d99f4f7
38,38,,42d1b1259b6a8b5bf0b550c031f11e81
39,39,,181e0d95e00e27501c523441345957e2
40,40,,ded029ea513167be32857d3d84f3d0dd
41,41,,ecf913c317a61a465c020b11de649ce9
42,42,,4ca4447314bd794cc254b0b4d9507a4f
43,43,,77e9e4390e02b4bc0807556f87a91e52
44,44,,b12806463ee826e33c6536989ea15bad
45,45,,ae068cd2ea6a85e89686ee0a1cc9995e
46,46,,ba6bbd551da8ff2b76396d32e72751c0
47,47,,d1b468be869396dcbfd341cacf19d350
48,48,,a4d96624db327b631d13b77da3fe0e36
49,49,,2a058896aa97d22030d573e1f901b1c2
50,50,,a178e7f45719b8785eb0a7ed4b8461e3
51,51,,28c41db7bf0ddaab38df7c87d826a6b4
52,52,,af716fbd4a01ed1c550d6956e0d2113f
53,53,,50a5c85e664d8741d932968de53ec29e
54,54,,0a2c2884ff50c4c63709c0ac24ce7cc7
55,55,,b8ef19bae44beb6b4724fed3be89767d
56,56,,d034234c9c4b6ddcbc37bd1334efb7bc
57,57,,2b220225a54e219c379181fe3fab36de
58,58,,54a55bfa9c4266c4065c6a79b1505427
59,59,,c14742016b9867469b0bf9b10657c7ec
60,60,,60324130b011c8f17481f9ca6aaee07d
61,61,,b058e2ef7620ac49c75da87f1eb309c0
62,62,,f7f4d132cf702baff3b984eec6fcb39d
63,63,,d558ecb034623eba025043abcad3228a
64,64,,60669989a467a429793feff32efe85ca
65,65,,222fb29b000d5ef563763871111a7931
66,66,,83d3bb11ca8e318bdb00c5b780bdc384
67,67,,62be82827d5ffd6d62cb18bd9ab67b70
68,68,,418064eebc02ee64d045e87b21367eb7
69,69,,35781f740a3347cf3359443e570716d9
70,70,,f3e148eb6921c53f5a166af6f0c57514
71,71,,9fe252732ecaa1b44c34bf9f4e6326ea
72,72,,67650721a6be5647e850475a45d78fe7
73,73,,657eaadc2ad3519b6909adf5eee53a2e
74,74,,b395968ac893a8aa403e4ca8b0d70be1
75,75,,14948224f9ace706e615ddcdd4136e7e
76,76,,3ad7e9cf9c58c848ac8f34bad9cc36bd
77,77,,56bc7ec1c4ad07c4bef5e5924b798be9
78,78,,550f78d162da4a9b6ecefe9776c2793d
79,79,,2ab07aa4e8a9d46f7ffa21309fdb0e1f
80,80,,92ce30fa68c21d611aa0072644dc8cdf
81,81,,391d9011707666bdb8ca897e25102e1d
82,82,,6d6af38722d01a4de6e930cb3310842e
83,83,,01225d2f778f3e7ac67803a6f26b44b5
84,84,,feb9ecd6a1bb76989cde851a6118107e
85,85,,5280331f720785321bcd6560ac49658f
86,86,,c1b8a69c20a53e73957ea61d9f3c0643
87,87,,15f989ce22e917eb730fd9e7e1c43713
88,88,,08a1fcf69c9401d23d50729836f862a8
89,89,,4026fe93992c22ed7b6b9e45ea6231e3
90,90,,37eb32784b29dcd0f1926e3d07836a5c
91,91,,7beadf6c51b404eb431b32e2a1004095
92,92,,ddedd6296e757535337295d09d73fd53
93,93,,992b4c10e0bcd88dbcb3ca7e660f058c
94,94,,2f9c9c4eecbb5afc2235fffe965b6ab9
95,95,,00cd24f54c553f81b58e40dfcb1237b6
96,96,,715d6a59554df3132d1bd5e355114acd
97,97,,5a18aa97581fc53b00e9e30907af5d53
98,98,,2f3d28ef526eb5afe3a19ab59fe55494
99,99,,c02a5f862e1c864e5bcda6fdc242c727
100,100,,27c934ffc2c91afb8e5fcb0f56a21c9c
101,101,,6de5d0b8dde769f95f383af208eb97fe
102,102,,bb7009c1d3b7c2987535c5f0935d4f7b
103,103,,752e4bb29ba71acd5f6b9e068a1b4bde
104,104,,57f2dab4e2597202c8d404c872706aa1
105,105,,13e0b45c9ce6cd042f4aa067a988284b
106,106,,6020b08a466b15c739bc3e3b713ff9dd
107,107,,7891b48e674d451871050ef515e765cf
108,108,,06bbd5b4c8e284317a7d86fa9a29c994
109,109,,d40cb2927e02e5382c41b150421c183e
110,110,,3010ba44b79ff55ff4e5baa8336d4c9f
111,111,,70aeda6a8f19ca6a14c0a9f377022cc4
112,112,,edee0ab99c331c13cd57cfb57a10fe0a
113,113,,e433f31a1a7194e9862ef1420cc1b8c9
114,114,,36ea6008ef3896c8e7ef1b81ae60955a
115,115,,e308263e792da19dfd1e3035135b48ff
116,116,,3b54fe65617fd4392497b71a8a07c671
117,117,,8cea68e7a929f2147b2642d12c4b0c9c
118,118,,53e00e8248a4ed0ee0aeb7e73605315e
119,119,,e61162196fc73619ed7ca590fa6fbfd8
120,120,,0065f3add4d435cb23dc9c68ef0731d3
121,121,,da1e54ed5f18fa8acd857b38a62a7db9
122,122,,0cd0d6589bbe0dcca34d0c1cb52edc66
123,123,,8b4e9906673461f5f0dedd96496ba451
124,124,,8b1e2ab52b6963ce00e0147ba56830e4
125,125,,34e27fa1551d50235396d77afbcf4b16
126,126,,35b2ed75c1c29fe3cba89685961c7ce4
127,127,,db5edfdaacb8965fc8e1f7fa74bb6f0f
128,128,,4bcec6114d8dfea7e3a38498aed41e09
129,129,,53d82652467a86d77b2a77eeaa563102
130,130,,a12b1208aade20792637c4cd147ab3ff
131,131,,12e065e56d32df3f03aa695988023fc1
132,132,,0e7ec959cb2a0a1a1aa786e0f672806d
133,133,,6fe367181b57e995d90dd52d79c6a0a3
134,134,,a4064bca1943de89f27052a4427dfb31
135,135,,c3539b59fc26a4b83e69980e08143851
136,136,,46267df6dd324a337512aace91a6f703
137,137,,f4cbf94fd3fb97667af87d6877d99a12
138,138,,cdb2d12bdf1d625d806e9b73c71d289c
139,139,,d1150855640810e789e8c01ef3a16d9b
140,140,,137072e79fe67af793dd4ea9fc78a9a2
141,141,,6c6431e9e89e819a2b400de484629b03
142,142,,a870d504933f5f38b428d32988f7de9b
143,143,,d109eb0704314c1155d20a7e664000d4
144,144,,65ea89e6caefcd0f024b72d65ae6f15d
145,145,,6be3533a18368017f710a426a43b51e7
146,146,,6de79ebff5c07311f929c95f84d3ce4d
147,147,,8aad80d45dac8dfa3a92f41d8a290c72
148,148,,e2a9581d280913180fb7d012f040b409
149,149,,df08109ec622f6e500c54fe2e86d3313
150,150,,b85d6f4110734c5ef1ff2b2497e4882c
151,151,,a98b4935ded59881ea1c60f46511d3df
152,152,,57c34de9e501f2039c9b4e97d71faa7d
153,153,,7818504be3ccb4fad2a09aa9b2c6a735
154,154,,d2f613976975e480312e00a98a1d30cc
155,155,,72ff1bf79e8d51fd54bab83ec7681a4b
156,156,,2549870b7c6d6dae16879cbeb8d0ef9a
157,157,,2433a488caa07508a2f5121e07658223
158,158,,722194990e42567773495587645eb744
159,159,,fb2d8d8937282c9b725210091897cddd
160,160,,32c79729dbdb640d8eeba177e0a49558
161,161,,d3b9649aec3ad5a483f458a0095329d0
162,162,,9db243c1c8e0b02acb701c872ede2a83
163,163,,3563ba992da090684e018b03ec05c10e
164,164,,f6a8a9b522e0d3121c87bf0db4ba44bc
165,165,,e41bc0fbfa2de77805f15e41aa669665
166,166,,4dd1192f43fa51de58ef8feabd449cd5
167,167,,80b5fa5286f88fc7c5b7f05cc1da6ad4
168,168,,4f4c6824bcce6da1c470a3493846f1f4
169,169,,8480d5fd02ee02764b8d88755402ee0b
170,170,,7865df0a0e7cdede1fb7a3ac3faad454
171,171,,734c4c16f6e1cdb613884b1fcca84681
172,172,,4dbecd3055f339bf902fee480ccc7eac
173,173,,d9b9f2b7a67ad9b39b51588bad6c9f6f
174,174,,605fb89a8be12d9934311403d5a78b16
175,175,,8b8fb556d6e5cbb65e4373770b323137
176,176,,2593f4d5dd14edbac2bb7490a6141222
177,177,,b5ab7fa083b98a9c0ed584d978f28614
178,178,,67c1096d8f50c42a0a644c584e50992a
179,179,,ac0946eb157532cc66b9dca29cf2dd3a
180,180,,ffdff47526f8516bb6dcc6559e820f5e
181,181,,9caafebd383f6f3ae3071437f97c68ef
182,182,,5dec147a3e8e23f4c09c8bfc0b5b776f
183,183,,4441177baed2e43a92885a5fccc2a3a3
184,184,,6f0c3106e0e5911612f7f2ea3d0f45ee
185,185,,c8f83d58e1f393923d9f19014f2de929
186,186,,29d1399e213cf1e930a25491040650c0
187,187,,a4f3f30bb9199fb976891b8c368dcaa3
188,188,,8e49f630e722c98e6c7d690b07a7aaa5
189,189,,f9a139c2287d87fc51717f891d7836af
190,190,,f2aceed36e359c64fb80dcfecc331e48
191,191,,7e6595fbdd4f6eb6d98eb413446ca9b3
192,192,,84adbcf2f2a914512ca38e8a5d433678
193,193,,f6e1ddf90b201b51d1a71d6525a1e6da
194,194,,f6e1df43e26fa1a79e3b688039eb4460
195,195,,a691afe17471e1165db2ec74b9f965b5
196,196,,2dcb572b0b839c5a65e203ba57653195
197,197,,f9d6bb67826270193a0c34728926f488
198,198,,b879ce06172ced1a7ad89db5a330ed1c
199,199,,daaecbdb1d4bb77ae9ac28a5450510c9
200,200,,1ca56b8b0a332d3c24b0dc540ec3dd34
201,201,,2b6d0d8f7fb11743d5d70213fb768644
202,202,,b0ed17388cd2d648c41567ad5b1d08ea
203,203,,c27d2136f8b4360bee3dd4818935ce8c
204,204,,ad1f9a9c41c3b62066228a43e7a088b2
205,205,,7a9c9a6b8494e95f7d32e6bbbb8d93ad
206,206,,4ed85497d676eadd7b67592552038312
207,207,,98bfbdb6cb6c2a6a9ed1cb5f5bbd4770
208,208,,f570c4d6b0b6c0d677085587a9469b2d
209,209,,e41e8f812adc29fd9fef4891aa9abb88
210,210,,61e3d1d16208f897c4e2277478cd7a20
211,211,,f7871eb8ed795805e8112931764b2445
212,212,,5d9900f1fe6212aa4bcaaff91a5725b3
213,213,,78572809b551df41299a5a2291e3615e
214,214,,0958e88862bea0d51373206cd2795477
215,215,,631c61b92e16d3dd09a3225b810b4d85
216,216,,0fadd128d9018e4aa1bc1789c0e1a269
217,217,,9ed25777705df44964794aff82de766a
218,218,,e061b6c21366c63403b15557a51f6b2e
219,219,,c27babf52c746eca69ba6a2a3dccb4b7
220,220,,e922039145f8659a4a8d782158e061c4
221,221,,f88dc8032b6bb42349e173ea98d16cfb
222,222,,22e1fc5a2acfa628ef3b18198848db78
223,223,,84df19da09be9244240f5e7d6925c651
224,224,,ad4faff2b894dd0d72e6a7f302e87f46
225,225,,25ac41e7b1108e438de921c12decc230
226,226,,b2bbfb3d454dab4eaaea2bb79717529c
227,227,,da255d6e1bfed0ae604fbdec23a552d1
228,228,,f0860eed8af7d36a60089c90b141dc6f
229,229,,292aedd204fb6ece8ee0c409423999df
230,230,,342df77044d24376d94aff7e47cedd04
231,231,,01e2ea040d212a332acdfa6a711b6401
232,232,,ad99c9d482b04f23ec1b697993794c54
233,233,,d075b739ca41d22a9d2deb5e4b549734
234,234,,e8a748b34b679153e311016baed34ca2
235,235,,65396cd560bc2ef625e2b84a190555c7
236,236,,ede4340e1fcd6b66c80b9a0fb20df0c3
237,237,,ea0e9f62cecf8569424691abcad539aa
238,238,,7adabcedabd0583e99eff9993934c8e4
239,239,,961574c17f7ff8c0ce087b669981fd9a
240,240,,49231602ec7ccaf2e701414bef328604
241,241,,f6fa4497b347aef9bd12175c4743230e
242,242,,117a57fe8c7f4aa1b94c010bfabbeb0b
243,243,,01e8fb2fe2ca51f340e564910a8ef25c
244,244,,356a7bd744b4e01c8873304c6e080ddc
245,245,,eee596645f61f93925809233fbe6fc0d
246,246,,849772464d8f67f911cce32a106e67be
247,247,,2f8d7c402fa3d5cf326f75519efc2828
248,248,,54c4fc79d24b0bb9e4e8a8947de4f8d0
249,249,,5a248bddfd67bb999837871f86f410ab
250,250,,c60d8657960c75254953404709a24f3b
251,251,,c20aca0bd31e134532e40c888d6999a5
252,252,,48e962a5c6286d8e75c39a4cece10376
253,253,,b1d342a9db2d90020c91e82345147cce
254,254,,2e45cd49bf7ee493cac0cdd2c4f6d283
255,255,,ef905281f9a2f15f3e9ee31b7ef44939
256,256,,2c115e95f0e0f0baf814050ee9d54f94
257,257,,c008b5da8527d11437cb95665dc1c25a
258,258,,d18b5f0a0620c1f52690a18378a0c9cd
259,259,,8616cc752e46cc18c393d0675e4a4a48
260,260,,9912591d0fe42ac8dc9e039a8e49d289
261,261,,3885c6027ca8be8127e25e2632e34cb2
262,262,,b5912a97159af5d3833cff9c03974a43
263,263,,5554b901154f364b73ebaf72b91eeba6
264,264,,84ecc21f96253b0396d32563fb951197
265,265,,a14f3a682c982d1d3d7350e3fd1e3d2e
266,266,,2e77446a88325c59f8733fee7ad47c76
267,267,,6121567960d1118fbbfa6d0075fcbda6
268,268,,ec5ebe591dfeb88537f0f9b6ca4c4cc8
269,269,,1c6a7d58d3611f44c688f206798c5e8b
270,270,,4e058b476d7cdf99b6ed0d80094cb500
271,271,,6d6496d726ed30b42bd0274af99c8a78
272,272,,47c055c9f056d3cc654860da6328b472
273,273,,01e28de594d0ad7f01402a35d29acae2
274,274,,4d9b209db6e1ff8cca1e0464862c0e18
275,275,,976d6b8b4384aae570fdc7184ecc3335
276,276,,a9ba6c1ec7a87aeb7c68b4e91eee377f
277,277,,fb8cd11770c77629e7418ee818cec9d4
278,278,,c4636ba86bd9bd393cbe999d04904931
279,279,,071df33d7aa1eef3d6fbac1f850116a8
280,280,,8baaa5e7da634858fbd533bea90a1261
281,281,,1f2f4ff02af32c6d763ee7451a3e9079
282,282,,0a38c4a5ead375b71698e8b10269232b
283,283,,de2a8dc0b43f70242c8ca8880f22cdf0
284,284,,7b44caae9b9979ad7c300cb0f275962e
285,285,,ade44ea2b7613153b1e107e9b9e5d4a1
286,286,,2aa674a994d2c73834c292e681d111c3
287,287,,7115c21fc9a6c0abcdd3644260561e87
288,288,,3aa603787ef9e74a7e0a8bf01c789b59
289,289,,50ff9a09c9518e710cc7f189987074be
290,290,,0612f9196a903b0918d24608c61b330b
291,291,,863980057d989c42f265443adc1c8c45
292,292,,45cfa0e58edc8cf2d921493757b40798
293,293,,a675c5c91cb769b3a2b0fc890585e6aa
294,294,,50c79cab24188fb593bcccae9d1b9cf4
295,295,,68ffcd427da12035714ae97530b5ef79
296,296,,906d4ce7ea5c3e5cbcc94fcc5f113e7f
297,297,,ee951f39b26200ea5faa53ce6a0f1f6e
298,298,,d8058dfb03e4b95e4f840f5b7f825018
299,299,,73e0e886a51fa9d58b17e6045809f9db
300,300,,f84ef630a145b4d25d5e8bc16b0e1039
301,301,,a2ecffbc84624db2ce42b01bc98100d2
302,302,,1d9286e7c0a736cb5f5129a3a499f811
303,303,,a85586baa04b7f10bcea5874104d4d20
304,304,,a64bff76af8eee6f4d9cc3a096c83f5f
305,305,,1210f08ce2fd9008efda865aae4d7475
306,306,,6acf5da7676969d6ed11e2525fad2559
307,307,,fed4521b25d6aea2db9cd5dafe79fc10
308,308,,a2046bc5faa30e0310db987ebce8bd58
309,309,,e0d657ddd35de405e018069a34bc70f3
310,310,,0fbc1405d30fd8ad5e92c4508ada4ee6
311,311,,52aa1477bb07341950c2205251e9d39e
312,312,,ae95f57180f6873531e6c4024ad4e970
313,313,,0b05825597a3d839348f7e2e365fae5c
314,314,,06031c691ea0ad1e6b427a08287f1e8f
315,315,,3a7dc5131e9781bd9978f1d8372220b8
316,316,,f2c96b22d6e5c6806e139fb627083232
317,317,,77585abcd865882525c6398d4808aa4a
318,318,,1ad4da2d6e0162a400de3bdee14a1e0b
319,319,,be7475d5b54fa58a8c49d947c7a0846d
320,320,,8f577c8f4f2e279be2d9f3ee79113b84
321,321,,d1a04772a23d13ff54eb46b3ca91f6ea
322,322,,4beed65da55c57b3d0584d143918d19c
323,323,,c419df1b72d8281c91b85e16b8f85f50
324,324,,37a75c34118dc40ed17fb144655bab76
325,325,,71f2aab17eabb13802cb4a1e8f67ebb0
326,326,,421bada018d9c6931cc7fe5fa4eba495
327,327,,95829da4144913884e2c99731952af50
328,328,,d7954e5d8d010d02921d2bfac8566b22
329,329,,816a7641f8706edee67316e1d22bbf4d
330,330,,db1a30c6c5d2e54aca12a4e9d8adfa45
331,331,,999fb101a52077bb22cab29e23602e12
332,332,,b37869000182a9dbdf4331c1dd650498
333,333,,ef96f1afd1852b4e4b622ccf684a6ebc
334,334,,87bcde1238a72a22147d73e13381b2f4
335,335,,6eff618ed22735dc077f4b91b36a431c
336,336,,a95c79f8251c6dfc09df264e5ab730c9
337,337,,0f8077ab3058e3487bcd02fc4e91ee7f
338,338,,240f4d4f13475b4e690c1ebae13660a6
339,339,,d1efc01c2bbbdfe16068956a73a3cd04
340,340,,6ab29f3b7a7d2d0e85ccd48e4776b325
341,341,,d98a3a44fae19484784693b1e32e6aa5
342,342,,759e7893eaa460f457d71939895b9ee6
343,343,,6072f3d99259daa6381a9619c3ded829
344,344,,41db9e6a367900a091214bace6b90991
345,345,,7d4c6568fd63a6dafec58cba855e46bc
346,346,,b6cff4bd97b523fd10db12d9a37a2f52
347,347,,c1210f7ebeefcf1fe67c4c1f52b153cf
348,348,,afcc74f518461c881f9761eb65392028
349,349,,3aeab4274fb37ba79ffd2d2567112890
350,350,,ff6e6d26936e089282c0d8ab364938c2
351,351,,f27bd45be112eeb28b55b12f74f6dcd0
352,352,,1385aed895e2d1f5cbe47d16d98865dc
353,353,,4284d25e2f90a0695c633d453a3e3727
354,354,,6bb6228834b315b32d9f95ed1d3208ef
355,355,,40174146cde692bb546f931a748723a2
356,356,,b8a504801ff59f28c16fdeaa59059c3d
357,357,,feaf57cc3629d263c2215cddcb2d1ee3
358,358,,deb64c74b520886533f47002d0406e1e
359,359,,d02e880a77662b2bdc525643a6cea0cb
360,360,,0517a54d94978b74a1a94fa7eefd3b57
361,361,,dc06898f13620680c47332b6ab1d050b
362,362,,5ca319df21cde3c9e55922cb652f2853
363,363,,9f6ff059c952eeae2c419b0a2c6f1a44
364,364,,21d62fe1eae2da6b3f4d2293e1c74d66
365,365,,63a528eed84a1f0bed231a7de9a24529
366,366,,63f7cccd6fd7de957b3b10c6191773f2
367,367,,51801bade16148c22dff6542ee8c189f
368,368,,98e21e62951be79ae8c11c42725cbb38
369,369,,aabe4974c8370646884a57b303a90ef2
370,370,,5477fbdb23dd29471ba12467bfd3fc43
371,371,,2bb14edc302dab4c18cdc0e680a8276b
372,372,,f23cd6237e8b61aea487bc55d78653d7
373,373,,b6b49de0b1655591f33c761260d56d99
374,374,,b5e9be43053e4b769eaa5b72cb9d3573
375,375,,f27ac380edafc0835e561ec10f2ee7df
376,376,,100e0384cd8a24d5878be50092ccfefc
377,377,,b2da9ce841b436ce88f51c1bec393663
378,378,,b361fafe81871b4f451b43ee3226eae1
379,379,,9a11b7bdf822e6fc28a5b4adb9ff7edf
380,380,,ca9f03fec1846c07b01954cb4f9bc1c0
381,381,,9f4f398f6adf539ac764a6e7f5742279
382,382,,0d8ba2e0fe42c2ce0017b8cb76c724c9
383,383,,01b681c23679dd6f68ddbdefe8e70659
384,384,,b1c2a728f398f0a82b75feccb717dbec
385,385,,dfec659e2f6c83fc2cbd8270abddf5e9
386,386,,f4011304f633c9c8fac4ed48a9d9e44e
387,387,,3f8fc0c136a1a9ce6d13a0d81cbe04a9
388,388,,494d38ab3e814f95e6d8913c13fef5b7
389,389,,c7e61deb9851b8e0dbacc5035976ee81
390,390,,2c6d186338aa9c5e3c26194616908698
391,391,,aa7005d8cf165c65f71c6dc3945a17a2
392,392,,7d4863f22aa93ee216f7ae1a8369da1f
393,393,,397e8047b330bc4c67ec251d6f23959f
394,394,,ec13f317bec0496f7dc51e481ee19240
395,395,,bf76f4bb684c4c8065039cbc5c5abfd6
396,396,,1d163461af655ed8bb0bc8cf9129ef2e
397,397,,3eeaa247e131e7543289014cbdc08cf6
398,398,,41612234c8ffe28da3e9df7de61a5cd6
399,399,,267acc405cbe8f6f5f0dce23d04ab7ad
400,400,,1f9ec9a72e4ae64086e52b6df27339da
401,401,,7009cbbb385765dd2779de17391ca247
402,402,,e66075dcf77e59e984ff3e563ecb0486
403,403,,045d90b268a127a4a276af01fa140534
404,404,,6397ecf323c5740492aeb0866bd87c22
405,405,,baff68a92153329a7b65c8e213b9156d
406,406,,35efa9ad8102fa83b810ce89283ac8df
407,407,,50c85a8389ba0e5e703ffd7157738a85
408,408,,29c510664b776853960682dc2aaba786
409,409,,d7cc52cec512b7b40ef135acc4782f38
410,410,,9619cf67f066f96cdcdba699505e253f
411,411,,e1c44a4da70e05a983e96b9ec10b8db6
412,412,,146808ee76915646f3cbe538ed858583
413,413,,526686644c587b2372bd739184230df8
414,414,,e35c0e13881bb12454f766495d2c2ad7
415,415,,7d87ed3fac68e680157f2aef41e47b4c
416,416,,963b054b38edc456f3471893a42f1100
417,417,,33bf030a13c423a1ef4e06ed71646139
418,418,,b315ac2ff5c55824bb5f0f6376f05fb5
419,419,,d3f39e4049bfa5c3dc389a6e180784e5
420,420,,40b26b85c022a2df7cea90411b25ff45
421,421,,0c6b82b5b181feaeff0b733b66401adf
422,422,,7a453803b53f49d1be68d709a85fd4fb
423,423,,0cfe310427c6dec87c5603d2e922f89d
424,424,,196d871ff64f2fde8f9d6518e93292d7
425,425,,027b918d5fd51c94e18703f48bc0e542
426,426,,67d190ef6d92ec4539051a82bb88df38
427,427,,d35ea29048b445deb05fa5ffb62e73a9
428,428,,7f0e20af8746fdc0ef57f5ff0a1ef26d
429,429,,71a6b30f49b1664211ea6886ba01500a
430,430,,b65ebfdfa881f86bc8d9de612385eb98
431,431,,d8bbf70f1b61461420706f9d4d523369
432,432,,5780038f3181826d20d7624faf57e0ff
433,433,,f58014cb219d62b278c93187a75d46e6
434,434,,7ff797b0b1ec8990c4b63e9dd4fd55a9
435,435,,250679348e163694755cca9b14cb1d54
436,436,,725a167210f3159fb12f7876328b7221
437,437,,659b70a37f65e11e5565d00274698cef
438,438,,8c6ef1eeb4f6873b93fc5d605c299542
439,439,,c6e5f88ad16dd56a09b6f09c4d7b2b99
440,440,,8374d96a163e18561672b054042a462a
441,441,,7af04c225b9d2b74f95b69d97f644b3b
442,442,,e9a70b3581f892a31a59ef37675946be
443,443,,17a154d1baa106bed8875f5b8235e173
444,444,,525c06753e6d4b50259064669aa3db66
445,445,,7443893d7e0942d99535c38211a0dc56
446,446,,4e8e3cac0feb3e772bfed174579d32ee
447,447,,8e04a341977038180cfd246723efc71d
448,448,,cb411b12342627f5e059d5af79e646f1
449,449,,3f3041999a1cb033453a6d2d6e9494d4
450,450,,35db81278ca284d5aee398bb41f73736
451,451,,59171942de1b2d5740c236285579b195
452,452,,22587fa6143d1f077d40328009b743bc
453,453,,be69c84beca35717b3c8f2cd2cd03182
454,454,,4772a535a7c611b6d4f4432c1b1c6007
455,455,,374f05567a6cf8e94e74ff18c0152f5f
456,456,,84eba3cf2fee8e350a9d99e99249926b
457,457,,23cfb9125bfa3ae7c5585b2894382d95
458,458,,fb5b08ec9d6e52828dd8a3719bce6809
459,459,,6895deb72ff4bfb17b35ff7aa04859df
460,460,,a1a1b124d8e17e644abc015ff23b2774
461,461,,cb2be30315d1db9c702519f0c8042b2e
462,462,,5ffa28e0c57a3c0ca303d3eadbdf1209
463,463,,e2ae4da913e94dd025d556211128cd1c
464,464,,61336a27ab5683a59cb2b50e4dbcce51
465,465,,2ec2788a946cd75fc3c75292ef40db7f
466,466,,3487c362506c448a39c6469a5c93189f
467,467,,4299c174dffa0c70fc9dbdaf21ea9daf
468,468,,33413ba9676dd8d7611072343d7b98bb
469,469,,7c71298a1e130c51f62bd8d01af50789
470,470,,184c00671ae128a7bbee74ef6ceb2e10
471,471,,a0ce5fb28a9424013e98510bb2b62d57
472,472,,c51c59c56c44dbfe5f1c518d3dd60fea
473,473,,c92f956871a9263c8198d32922c6fdb7
474,474,,4520f21f347af44c6bd21513573c4ffb
475,475,,cf429d68195adf45c82786b127a8e9b1
476,476,,db04555b8e6691193ae92ba1a435dc4d
477,477,,ea7c26d9fa0249b17a1b8668a7bb61f3
478,478,,d8009a46ba568b8e7f62e3b40e27d04b
479,479,,e08549bfe76983c0105ed855cddb59cb
480,480,,eed08dd20c68950e587f936d8d76e888
481,481,,afcef8e6522bfe4bf19426727638d172
482,482,,067e4b9320954e8f56335bd49b21b463
483,483,,ea0793fa023aa64f45661f3f678f7f61
484,484,,ca13d01db5c6ec28e312395a212e169d
485,485,,5a8711824f8ba5353468ec3750e88750
486,486,,1dbd628efd2fa11a5eeb19e1ef9b57d3
487,487,,f9460a19fcc545d68b61f8b679acd636
488,488,,22c863493dcadb9c179bd599d5d961d0
489,489,,e6dd71c8bca5af785a92ca37cab7b183
490,490,,dabfa33e02ea8d1d7c8d0aea5994f37b
491,491,,030d77594afd39e78c84b61d62e93d9b
492,492,,9ba7a388d3e5e28c2feba8837715f361
493,493,,9ec5efef07f23e97b38b5136921a7e8d
494,494,,c48869fe054bfd99a058849caa5f4452
495,495,,78573137ffe39d8a7d4fbf09671c5198
496,496,,eb6f666824495d8413401a4eab6cd643
497,497,,70e7fce615c40887e4fda8807acce8b3
498,498,,ac668b5f6ab7ca0bba211896bbeb8652
499,499,,bfbdc9b1c7c02546d01da2960e7b6182
500,500,,32e01ed217c5386d4db448a086a0432a
501,501,,6939b6eaa4bf0c14aa6b297b90ea31f6
502,502,,3d5c8d9cd9d29e093aefe2d10aa44a3c
503,503,,23e00fabb015dd2f029f9a315852d210
504,504,,183fb4641cc88c6d0e3449bc2c78f436
505,505,,363eb53524e7a5fc79b74487f7d857d0
506,506,,6cf50d853372ee2928da5a48c8320a44
507,507,,80ae6c7d9c266708a96730a2a1237ed4
508,508,,9c1c5be362e4c3dd1f451fd16d0e205e
509,509,,afbf1cd1f22bfe46ba80b3a435267764
510,510,,1c524a22c9f0402ab7052e3df0d7b472
511,511,,2d7ec8283b265903614f7b49cfa6e117
512,512,,f88b390484080241daaae2b93dd5e304
513,513,,a7a3985994077e88fda7c4eb4e8a4723
514,514,,9ce694ba60be5b44423506147ca6d185
515,515,,09fa35d9abf0e402c155c79fac0beea3
516,516,,6642859d478feaaae3d761f8e357c596
517,517,,5c52f245e67b82e954655d78f7081046
518,518,,a5921c728a1a74f32cb09cf3ba57b9c0
519,519,,054e01b026db0eb8e3245faf2b5ae91c
520,520,,0e40dac243f0f0cef63dfd8d0d27abba
521,521,,ed160cf03185778a166013074ee1f681
522,522,,55da3eb9cb32c32d7c3dfe74022066d1
523,523,,682c7f7af8c84377e4c6892486a1b597
524,524,,75c63a418b29f198e3a4b95e76a257c6
525,525,,e9de5cc827e2d0b3ce49b4708a1bf7c5
526,526,,dbe0c0f6df789205c06d5adbab043121
527,527,,63d00f5c49cbd9d50adc3f19302efcaf
528,528,,621520574f37553d05c9d2e488fb5216
529,529,,6de1d8a0c1eba2fc9fefc7a5022f25cb
530,530,,6b78798e26d7a620ec2e37a6e23ca2d9
531,531,,25e54383557e060840b98632b47958cd
532,532,,fc6644b1379c8a900309b91112452a60
533,533,,92668da79037ef330a902da2b595b363
534,534,,602d0f22955b38403bdd64e1edf76746
535,535,,82efb4060b56157a27ee56c401cc4bd3
536,536,,f4a02d00cb45662f38735779bf635e0b
537,537,,644e5480bc6edc8b998b6a88f9f797a8
538,538,,11824ef7ec2d9ebb61f2a2d3da634380
539,539,,2b39c8a522ab426040084058cc3e1e89
540,540,,927ef5a910e38ad6f668677d6cbe9769
541,541,,92d1c92f4bc9a792c0054351e75badcf
542,542,,e4b46c63fa2c374f01f5aea79133bef1
543,543,,742c71401f1d1f9330551774486bf6c1
544,544,,3ff17cecba704a634fd1f785cf3ff6e1
545,545,,932865f7eb3e19d445b3ce7ec7a370cb
546,546,,6d067e10e5c32fa8b5ab1e121e3eda1e
547,547,,4c9e62a7b031108f6ba10efda98adee3
548,548,,36e80d64f82f7d6cb4722ab3c77b976a
549,549,,41edc9073137a88fbe4fa99405e5cc9a
550,550,,f5f65fef8902b50e2a04fe47b8cb5c91
551,551,,1c284e683f51ae73fe848841caf8b57b
552,552,,8e1ac339fec2a5a43eb2338577863864
553,553,,d3465bda19a1a20db03bb8630e192315
554,554,,b5adfd70bf1fed17b492f47bde79d5ee
555,555,,b5be885efff34b800e82e9ad0a56279e
556,556,,649f7d99fdc122f345dcb58235753b59
557,557,,b0922b216c9bbd2b0c5c8923c3b22c5d
558,558,,3d05c09b6db9e24b5ed7217a9e678e7f
559,559,,59d78fbb373b78c5dbba5b632cc72b0b
560,560,,3e262ece92c94762985afd1c00fe1060
561,561,,b4e78ef829e74511c5a67c73aad3db6e
562,562,,ae9b7d859fd49b994bace46a9bb628c9
563,563,,2aa46dc5b071dfe945f0766d3a4971b0
564,564,,cd72b5cd8123bffa361ee8df010e7c6a
565,565,,c6ab9f4b75447e7e32a8c41611b7b83a
566,566,,a8c4fb8ee85e18f8fea596009a4c800d
567,567,,4651c308bef2425474cb319a4139b939
568,568,,70aad942bc949eae6bc00d6ba7fd0bed
569,569,,419f3773cc219de078a62578436aad0b
570,570,,6795d12cfb75a34a02b85752b17ccd98
571,571,,022798a409bdad57fe9df57d109fac15
572,572,,f7f8237413cfb33978883f4ca56f0f63
573,573,,3cbb88b7ce7882b821fe00689074febf
574,574,,239ae406037ea41acf419aed1b38d359
575,575,,a5b8d010c8c9bdbffbbbfdbed06956c1
576,576,,b47b1059be1f1ac1a1cff25c44941c80
577,577,,f0f05384dd2b372a3de2e6fd5412ea6b
578,578,,05b56230ecf8af4386c39ef55c1c82cd
579,579,,c649289ae85dc0fd8c240add276e36cd
580,580,,2c5c89eea4728e2d0fe3b77a9b6e3364
581,581,,fb8f84a50cc517c9f3a02e90a2f43a4d
582,582,,b76107584705cb2e95508cb5aad9c35c
583,583,,11c758e45edc91a2c7f721b48dffe2a4
584,584,,6ddd0f9e111e6e9884f4909fdd297114
585,585,,e2cef6703ff1028af133ef1a76d1e0ac
586,586,,7eec198fc3ccff389c2753eeeafe47c7
587,587,,0924c519fb5f8826f5c23d5e0a7ad9d2
588,588,,d077021be3e71cc6aaeb3023fa437a24
589,589,,4fb6870dd31d5929ab42719e67900a79
590,590,,82e467cb31b20fddc0659e0e1ff5ba1d
591,591,,a08e9f21fbce6bcec3096dd59c8fa140
592,592,,ea0c4c43219b2e2d0d05d08a18cc6bcc
593,593,,b08734f912c76bc67f56af9410f27987
594,594,,63ad61fed4465db6c3b40d37800aedbf
595,595,,a5e937e213989d9d747797f533933a10
596,596,,5bbf4e16a42f1ca1e04f306c0058ef49
597,597,,52097aaf96fab5d36c20b98fdef79637
598,598,,755fca1aefc496deb25910f1814593de
599,599,,369676c70106f2b359e90577e4e2098c
600,600,,a44e485280abf65b0e8cd7afa2e53cd9
601,601,,9e02bf583f244b8a7edde7260d7fdd82
602,602,,e30278704195ea9c24a4314a7521bb67
603,603,,3a5cc9edd09e9c750bdcc4cfd530f5a6
604,604,,3a3dbceed2e87def838cca732168982f
605,605,,b6fe418c003d55450433d5d6de07d77b
606,606,,2211c5c4ef219bea83e041e10bf0d7b1
607,607,,3d4648d0b9a2cd6aeb0a1b276779f43f
608,608,,b4ae4ae9c7f12c87abb276285be58184
609,609,,11f762ef9a4bba7511b27f45416cb427
610,610,,ac17441d17bd4dba218743dbdcc697ad
611,611,,6bcdcc0cea0a9bcd01ba23c2603cc875
612,612,,fef402b750ddf7e853cbfb80fcea2da2
613,613,,f90c2d03bef7e082d5dba2ebf0364b69
614,614,,d10360632777840a25ba2fccf76c3f31
615,615,,d93e31e74454ce63949c32fdbd513313
616,616,,e6f6abd47d1ebaf8a84168e77bbbce2e
617,617,,d103d38995177ab5d704d345cf4070d6
618,618,,f629f996fb4959de6806f369a3acf651
619,619,,cf5d0251eef0111a1d8a70091201253d
620,620,,3e6cee9bdadbd6734dcd91b315cba140
621,621,,39ec9c94ec6b8f80685a3e241b2021b7
622,622,,e0a86551724efd43787ad10e6891b0f5
623,623,,5b7f50bdbd1fde6cd26a06ff883d7f3f
624,624,,bbac32681d56657d669e5fc267fe5bec
625,625,,f4636fe649107694602d7e069d7c8ea1
626,626,,d4687f4d195fb751386827986ff49f7e
627,627,,7001b837d72e24a8a4117aeca098a4cb
628,628,,9b0847de2faaf42313dd5e7e111f0c68
629,629,,bd3934d5b1d3a9e0b6898b685f0c0512
630,630,,ee2845a32dfcf7de7e3522f9e0b2c7b8
631,631,,e408def18e2bfa2d300618e6053e10f2
632,632,,876fc4117335b9acc26b823e096b5866
633,633,,b4dfcd31398adfeee322b01cca94aab0
634,634,,65918dbe6db84df0459ceecad853045f
635,635,,828dcd78b06b16a04c2c94226007a52b
636,636,,48ae855a11ece1649d6cb2e69a066fbc
637,637,,9d322adb66fce60c99d3431367037e01
638,638,,6c4082a221cd572649d137d65d9e72e9
639,639,,01275b598fbd17e4cd5903c9ca4116b3
640,640,,6de5ba170e6be8e35f55c29401c88ced
641,641,,16cf0b7e81a98fabf23d73a93d684e9a
642,642,,4365301fd4a115a95cc28ce3976c231c
643,643,,d48bb8df50a61dd15e0d1388536dfd2b
644,644,,9327aa7c6f1bc50f14ec41b5c1431475
645,645,,aa45177664074fae5eb99e086a621b21
646,646,,fc2f047b8868c6264e00393ce3677fbc
647,647,,c45584320c40f432aa9fa6ab02dec112
648,648,,cda73bc5e8f27b93dd28b493b87b430b
649,649,,81e11106ba37bfaa13ec1d492c6e4320
650,650,,062e5945c1bd465bbef6c59298f650c6
651,651,,a6ac7c18dccd1e89e6e8d4c0aeb37e77
652,652,,15afaa03e3c94e779d44b5b525d17e3f
653,653,,7f4d60fbcea77dd94490f5975283099e
654,654,,aea1e30de670508ac44387a27d578579
655,655,,47a8bd5ca4ad355c1437ac313ae2490f
656,656,,c2aa056a60d650713cbdae14a508a792
657,657,,cdffde25417ff7823d80b59467773b18
658,658,,6cd5606026f3bedfafe34cb68697d7a8
659,659,,2b1fb3eaa4d181815ec6b11ed26e90e4
660,660,,68b76f31092e606e8846f3129e83c4bf
661,661,,478a8a0893bbb1a30057e210ac5f58af
662,662,,481425f4db29e4d02abd0624e1c2d2bc
663,663,,bb6f648c467996ae0220c9f8c464e766
664,664,,599461ead65183451be5663146b67a6d
665,665,,6c1699e65a500f4ccf7b85abdc2e36fd
666,666,,ebd8dbec7dad1a6214d2c997f1a3bc34
667,667,,826b06a36448b50b36422290cd26cc4a
668,668,,4de9ffcb3dcbbe082e0346a99e5e209c
669,669,,476fff2baaca23ca0c03cb9daa2c526d
670,670,,c6d86572242e2ae83c6d3641546c28b6
671,671,,616bb063294b509e9fe54630b2496b33
672,672,,fe8ef1225614dc487df2e4de78cfc5c7
673,673,,ec0a9558f682756addf9c17c52792fdb
674,674,,4ebbd950388e811ff6e1ad3bbc5e8fe3
675,675,,7b655cbbb1b23cf5085d8d58502a835f
676,676,,df4a4760fc489e8f584271ac232ca5ae
677,677,,eac991032a7e1eeb5a50b342fa0dc68c
678,678,,f90a994f7c8226732d05bdeea8d73051
679,679,,bce52c46bdee50897f85142014ad4924
680,680,,cad644f5295da6cc718bb185d12b6dd5
681,681,,2dfa5c40037940cc24a633c58fe2f102
682,682,,25adccbbe307ea68ac0de99bce0b0f6d
683,683,,e85f3ab52b17c136308c5c07ed42f1b8
684,684,,281099508a69facb0d93c04a43d78769
685,685,,b21179bafe81968f18274fedde22dc26
686,686,,0cf844182943a55b1d24ea6343e1179a
687,687,,eb1ed622479832d625591b5dccd58763
688,688,,39c297dca2dfb71866ea5f3a78d33f3e
689,689,,6dd983923a8da494ddaae39af4f1be3b
690,690,,c4a6da42c2ea172d4b287bbd2a4feb36
691,691,,3cadf78361978f64138b397b6cba0ceb
692,692,,20f24eea78575e22e775f14808fd43c4
693,693,,bc84cc781744f03986d36fd7b35dc6ea
694,694,,83b2f67a1152e7e33bc92b1431fbcdb2
695,695,,25390e4e0c51c28fd644faef527c9a66
696,696,,e5e34f7d7111c84122877922d84fc417
697,697,,ae43959cb64cd7a38423bb993e24469c
698,698,,36aa90ccad23dff15fa36e40cf1b87e2
699,699,,74404abfb7422bec3d07cdf43acfd1eb
700,700,,bbfc5acefb6b5dae7a2888be45266f73
701,701,,57e5d7064fea4f6ee64056579bbff01d
702,702,,665a9bb698f0b46c04c6bfe8b81539d0
703,703,,078cfeda790f850fa3ce7636a2a0e09a
704,704,,a98b602f0d019fb9a6058cf951414eae
705,705,,3e8597c4a92ea38edb70eab6e4613433
706,706,,fa1d48cbab6ec2b8dc053188d57c2874
707,707,,6713772d787dcc7a33ab5464e1a1f49f
708,708,,1b1051e88835bb2bb55d7193c9fe18e8
709,709,,8187db8a9500f003bf3fc33a3f0f6ab1
710,710,,966139e707f9054a39341ce9635fcb82
711,711,,732734952f7dbe91051158cb8ff087b1
712,712,,f0135af219cf9571ac4b5c6e84d12de8
713,713,,45e7d6b0fbd02fe07effac8e1ec0e88e
714,714,,516a314bfe635f4c127c55fc7d02599c
715,715,,6780e3325ad1479b050c783643aaa579
716,716,,78dcc5d07dabea1f86022f3412b203d3
717,717,,6b67cce1b9b98e70832a1dca4c511a77
718,718,,95b0e2c7a6a1e1d1c436852199836842
719,719,,71bdfd5f1185868f062b5bcdcdc0fd6d
720,720,,54a13eca40b039388c305304a31d9d74
721,721,,111a8e0e4500a81e695c0029c841b136
722,722,,f12eaadeea04f920ab802bae42a5df6b
723,723,,b0b49543ef1db36d6803be1bd838fd2c
724,724,,a63c470f5166d4cc1b533d6c0fc67528
725,725,,0e428c349d5c9d5b144ea73fdeb6ae07
726,726,,1cfcff1b0973dc9d344de115d255743c
727,727,,46eecee55db9edff1da6e6fde3267a3c
728,728,,886c87edd48369c93f365a2a84151e43
729,729,,3ce6e17c02343f57a2f7a3b3f22c2f21
730,730,,086efc66d84537985d596e4bc5829053
731,731,,501d1b149b35520f7d69268105a21487
732,732,,784e83637b39e80d09784d230e2a367e
733,733,,a62d5d11ec1c0b213a0bb69611a41ab4
734,734,,948284fa4501fad03674da1e5e44cae8
735,735,,c5d9284b9efad824f0cdd7dd0061c6e4
736,736,,605e32d7d4dd95a80c4301d12167912a
737,737,,e27771ea5aa4190ed7d8e050f1a622f4
738,738,,46e6ee7e5b4d2ab0f951178b41daedfb
739,739,,a4ed4165a2efb77152a0d8805f6af0b5
740,740,,0377b3e4d2b2959b4590f3e10b15deae
741,741,,639511b1f7b56a3494c9441ef24b3e57
742,742,,e9aaea7e016bc3d201f15e944f6c2558
743,743,,a6437af81a24ce3e4e548039b7c50e42
744,744,,6e1bfe526a8e0595a63c186c57d37a2a
745,745,,f2d431c3c1d2877c35d61c43f09d3985
746,746,,12a890ef5babec10465efe3ffd7a05fa
747,747,,9ea3ca9fcbdf1d5a373efc559046b681
748,748,,8935fa557f46a778bb4051420501dc7e
749,749,,1a2e1aff6e2f3a7e6ab288c82dbabb94
750,750,,b27ae21e87556cd5e0c79d8b4ec47a27
751,751,,468e81964ed1449adfd26ae543fc21ce
752,752,,feae1cdf5f8a81b328acf1ab4ea7c1ab
753,753,,567f695faab64c0bb940912136529e02
754,754,,1fdfb9156cfd5c4e129f8fd554ca1edf
755,755,,471ae6a479e19a0f6c796bab1df16185
756,756,,9d28de4ae743a976537ad97491a58036
757,757,,8120c0561bc7d3abdbf183404a9b2cec
758,758,,14e2bbcca9009280e90e83834c92d1c5
759,759,,5d6b24fa06b0e1df0f72ed29c3bded7c
760,760,,a43910b72f29af6fb94225cdf396da1e
761,761,,be6c4c87f3cd8ea0370f4a85ad4fd073
762,762,,218728e35729e9ecd34e073a64ff5357
763,763,,ce53e6b6d7c2bbb362e7cbd172f30eb2
764,764,,38bc90da88cb462e57702e1f6e117012
765,765,,99618145b27e33f8024176eaed60b73f
766,766,,9fe71b4fce1d03bd723281d311e4bdae
767,767,,051139ed6ed3d54b1c5fbad732bf0522
768,768,,88dd100a3417e29d26c86106ae7a34ee
769,769,,43fe9665f11f2024239fd30d23f72fd0
770,770,,3f01a07593f9ea879b62d240e746f731
771,771,,9cfc7a6829efaebc5fce7da7b618869b
772,772,,ca7efd421af032baf1a8a80c5baa7377
773,773,,dc2c1b5f7f058c9c3dc02b8de91c3233
774,774,,d31f5a3436e67f367a7cb64108177fd8
775,775,,decaa40ca4bd048ca9af5e0f7d5e0801
776,776,,a727a0601344375ba4417d5541c77862
777,777,,a0b25e0c60aa800e6ce11d49ee1d9412
778,778,,97da8b5206b6ef689445845288155cc6
779,779,,c2c3d4fcddc9f7941472945946950de7
780,780,,1677c472c3596edc07a6ce76b40d4c4a
781,781,,1f0469ba3c20165c90e4382f5d6189d5
782,782,,ede149b4fb74d9e82af5bef3f4ba868c
783,783,,07f1d6ada42ae4023f86f69582ba4611
784,784,,4df70343684db9572424c5346848b4c1
785,785,,119e346832fc03b1dc11ce2f69058b9d
786,786,,f235269095760fd009771e0b60f0b412
787,787,,b6a62b276591a2c516804f051bb6ebb7
788,788,,8154172d20759c48a638e39dc9389403
789,789,,490b0a849da1e34d4997c82785c0635d
790,790,,d4ded1d0a3635d7e00d2289f38196dfd
791,791,,fd136a6b481e232dc9b106701a6b4581
792,792,,6e56e3bf09ccedb5d2ba277e52b2c46d
793,793,,0053bed02ca441b0eb841e9412a9bb41
794,794,,7182f789c439f5ec938c5e83b91cf5b6
795,795,,0463af49fa0f72586cd41ff60e03fa39
796,796,,1a1952f5615125593e0d4759225101fe
797,797,,4113c1dd8c41da283fac5b60c873ee48
798,798,,b1fc1da3ec84ae76508579b70fc07a0a
799,799,,c01f22bab858fa4f781f31fe59317939
800,800,,2303d5121f6b3be6a2ef16b85bb5acad
801,801,,a641b7eab486fbdd418403c417b9c9f0
802,802,,943e3e03cd8b3a4c4e5875be6653a4a5
803,803,,ba7a0cdfbfb3f18abd87a499b768a251
804,804,,3f84b54399e7e2400da6bd1cf997eb2a
805,805,,085126d77b5620b0a16b61da554d3dbe
806,806,,53e239b03663efb9e30da04bd49c3e2d
807,807,,1d6bd4fd04aad8b22342549600087f33
808,808,,4337dafb02e22c80e2739e3ed04f9815
809,809,,ede71e9963569e9f59fba61cb09a4481
810,810,,b7a8e074dd8395501ec519e5ec94d7ae
811,811,,393e5085a805ee5f1a956828d2fc1289
812,812,,ba0e6d8e8538b1fc6a92b0837d437dbd
813,813,,2a4a26a9c46854c747c310b5c7cf1d43
814,814,,7f7c57e5a9f0f5beb7b447e22710f44e
815,815,,20de178fbce87623a99c008d193ed8e6
816,816,,7bfd9bbed5283e667319b6c79c5547fa
817,817,,339c2e894e6c263dd7e0eb933ddda0d7
818,818,,f29fb56d1433969c4f42e5efce593475
819,819,,4a2ec271c779dfbf5d7b8f8eb33bcd6a
820,820,,22f0a9e337f9d1ac25d1834a8a495da2
821,821,,cb3730cd85ff583e438875972d0d74f2
822,822,,af5406d679204181a98ad8745cc78812
823,823,,b245f6369ddb79a75752b5dd21f5a55a
824,824,,816868671ecf97383c7306c9810cec38
825,825,,26d36ce5b327de49dc6e68d018444ca7
826,826,,e5be80a7c067c14d80c1401c33a4f4bb
827,827,,e96deb7c8104b7a162ad8c4cddd2b51f
828,828,,410949ea5e8c60468cf20afce00d470a
829,829,,dbc1d40baaed4a34c6833ccd7ce17cc9
830,830,,9352d6d197850091035e29624c708404
831,831,,bdddf592b97fd5d00992ab282f2ec9a5
832,832,,b9e632323cb7a66e1507b4942ca72a20
833,833,,da482ef79916f3ea46577bba4c3cd9e9
834,834,,157be4a93ed80598981ed14ad53e5d29
835,835,,3b62a99423bf4e7a061a4196e464c0b7
836,836,,2becc5720453e923144437c978768516
837,837,,ce5d9efa0b5556745c9ca18ab1ce2287
838,838,,c9aae3a20178124c212a95a15529da47
839,839,,42ac7d0b6619aa36384dae76b12af953
840,840,,0f6eadfae42bbea33b900f28d71c36d9
841,841,,0bf30417431b157a200ba2c369eebaf8
842,842,,d5e92c1ac81672d1b9476e8ede2c96e9
843,843,,beb77b7242acb34cbb3f6d64cfd9f5f0
844,844,,cb126271e8f54c9b39cfeceacdc5b28d
845,845,,b9d278b449b23aaa29b50cd2e47664f2
846,846,,bff7742e76e96aaf2f57351289075c83
847,847,,7e7295ab12c725581a37d4ace47d4080
848,848,,ec1c414edbf52af85529bf91f62b3f8b
849,849,,c763189706da7e4feb6f2d2a1a306669
850,850,,6944480b082ac5fbd5f30fdff292a802
851,851,,032cc574adbe9a2a56cb7d79d9eadbb9
852,852,,b63b654c70fd58d550a5cc859d8d13d6
853,853,,e8c5d896813d76bbc130a44bac93cf34
854,854,,566bfcef1978b62819048bb2d0c2f44c
855,855,,1041c2abb3503bc20b38092c4471f905
856,856,,a8d4912da48130748207e258c17562e0
857,857,,492c49c369645357282c4d1eb275a348
858,858,,fd9744fe8dde028184c30346679c47bf
859,859,,8c01b320facb06f47dd0602bdaf13b34
860,860,,0fcb0cf2c8c41daf2dac4d713d229aeb
861,861,,b03075e36b13da5c8cb4364c1a618782
862,862,,1a443eb50436d5f7d2011354fcfccf74
863,863,,1cfe9fb1d63327fe2746623c888f436b
864,864,,c4282b04d4812904df288d962a563dca
865,865,,b59b49974a7d10ad24794a980908aa6e
866,866,,fca2a9f0236823b4c5e34bfd95a31d05
867,867,,5be673e66819d8ea37ac48aef5fe9cd9
868,868,,56260b8c876c5700575519f89f6e667f
869,869,,33cdd80cf2262d73acb4101ad0986675
870,870,,3c8057b537bf35380c843d408c810aec
871,871,,67dc65b47e08cbaaaac20988108d050c
872,872,,2034cb3ef29bbc18748178fbc6cfe7bc
873,873,,603831cdc1a743654830b9626836836a
874,874,,82c4f5e06622ce71e35a649b51637911
875,875,,9d06ae9582ee9884e310eda4c0fd0d9b
876,876,,901372d68a1fff0c0e13038324971f57
877,877,,aeff6376a1d59bda15011796390e30a5
878,878,,8890b37990e20fea4a43955a4b1b8342
879,879,,837c8c5b03ff98fed20fa0a360cfdbdf
880,880,,32760c458c3e67e6fa74b98893bc89ed
881,881,,2d47188a44be4301a6904985138532f4
882,882,,6f256ac094a4131ccf8c60ff97e825a1
883,883,,441005cf55490300d996aea972bee84a
884,884,,d2ac5a65c18415add58336080fa1a75e
885,885,,ed16bf877c4f93b438e928e2ea0ba6b6
886,886,,717cb094ecac9b3222af9a2a30792e9e
887,887,,225090e4d79a3f77444cea840084437b
888,888,,2e39de4e91ac0bfc22d2d703d0d744a1
889,889,,ecaff47c78d7cc4f8c1f4d86c5da61a0
890,890,,ef12474d9b01505042bd40ba0075235a
891,891,,d2d0f3473019ae41a6650ec0432e6841
892,892,,385c1abfe7ace4ffdc5f91548f6c48f2
893,893,,0c85d7532e20f17d6cecd76899795f9d
894,894,,ec9c3bb958a09b0c32e4e041b87759c2
895,895,,23182108eadc54ea95614b73bf53de4d
896,896,,42977efb063d893221808893b1cc0de0
897,897,,89994b2de11bbe8e0273a2de5f9c391f
898,898,,f5e4654000bd37fb86a989b53fa7fd8c
899,899,,1efc655151baea548edd550bb3bb12d1
900,900,,e2d37d39d104359047a434801eafb061
901,901,,a3fb35169322188104d042ccdf7406f9
902,902,,d58ebcf1ef1391f2e13e4aaecc700c70
903,903,,1f7c3f27d9c4ee4b3f343e140a8337b2
904,904,,d72c52793b37bb375e6a5dc89ec78c24
905,905,,5e4c77c5509bacb5106efb9355f402a1
906,906,,c5602b1a659fcc22d25f5ab2bebc4f35
907,907,,922cdbe6cca7c312ccc243a8d1b646e1
908,908,,5033c3afee262856fe966eae684bebe3
909,909,,6a979851e9f71bc0c0a04db1563e2eb9
910,910,,ae40a18a3226569f16f07ddaf6576705
911,911,,62e350f7745148f4e58bd7b9f5accaad
912,912,,02fa8e6c96f69168845939f3097934f4
913,913,,d7f31abfa46722c560ae501eeb3d6008
914,914,,e9ea484b850b524c6084854482cd0448
915,915,,2e099e5f10b35eed236c76628b5b390b
916,916,,cee165210019d845f9bb38b66259cd13
917,917,,ca40469752ab5b31c5f245c971db2fc7
918,918,,55a0d774e5c704cd91681101999b3d8a
919,919,,8e0b0a82211abd1cd2a640cbe1ccb373
920,920,,ece25bd4281162ccb3bd34c65045be2e
921,921,,ca2dc9bf2ed919d75a29e968dfc81c58
922,922,,9334b60892db4459567f9f1cbafe1b62
923,923,,65c1a48de672f1c19d62a927fe2634b2
924,924,,d5d3aa60f10529d5d0e827abf4f05fdc
925,925,,5d0012e21bdd530dd9a3009f0d9dcb0a
926,926,,99839bc60051fff70c648b009b795e90
927,927,,fa5fe58aa7a06caf36babf4d3a18a9db
928,928,,579d92c7d021f171902580dfd62a9568
929,929,,41d03b9e1661df7d4393f39edb865819
930,930,,821ede455dc4b89c6c2ae0c706f00791
931,931,,f79d1f3be88820c3fcf008afefd0410d
932,932,,e9663391c9ed980b0ec75c100689f359
933,933,,1cd89563f7bcdc190c7c870d9bbc9aba
934,934,,333922f5b228e403572c6c8546f2e288
935,935,,cf6531667416ce448e248d0e08613451
936,936,,f21fb4b0df3d6852979a01ae1e542896
937,937,,6f58fc55385ea7e56e9af8bc0722f490
938,938,,e0a136302bd3e0a0c46e539fb879a82d
939,939,,d84224157054e61300c0fb5354c3d7bc
940,940,,1a83c79b7bd436b44c97c58b3c8735ba
941,941,,2c03e619ce34388c4a18841ac73f6f99
942,942,,31165cec3123e1ae80e9fa622d00c875
943,943,,da4c706b179f0acdcd07276fa4aa00e5
944,944,,1c667327bdc639163a06cc87f4f0fe05
945,945,,43b2aae6448f9b3cb5c837cd1280713a
946,946,,5325bdab410ff95f343a23b505476186
947,947,,8c8785c5606ce4ec38c2b6e36dc276db
948,948,,dc9987f1e696abeb196b42b8905ca06e
949,949,,ecf4d6259fdeea4c17a32a59e689fc4c
950,950,,4a7856f0aad0a55a72e7234200986271
951,951,,f60483bfadfdde93057dd12895ee791f
952,952,,b6149635e193828fb06ad420f0d658b2
953,953,,b46e3cea9664f07f2b622e8c8e84fd81
954,954,,0c3d5c364b0de9abdd5f83dbf163e800
955,955,,584d0bec5e3236d52264ddc53d879c9d
956,956,,0f20420bcd66b0cbd7b53abf8dc8f59f
957,957,,327cbf601837d31b3793005cee457506
958,958,,1788e9496aac820c9abf6ab3277d1333
959,959,,71e7ce4247f604cc04c4168ff3b180fa
960,960,,594d55d94553a6fdb546e50d7e082630
961,961,,d06cbe7a0a8cf8a5ee7ce31d97833675
962,962,,5274dbcaa158916b1a28f00eca24a8ea
963,963,,d5747a8a3adaf6cc418bd93bcbb09e61
964,964,,430e0421cb6f578345d2bb61fb0e1af5
965,965,,ee7b7562dfbe306fb6ee2d7cf3c76b9f
966,966,,99afd85696136455ff7c6ae8124ec37c
967,967,,541dcdabe4655987d39a30bab6149b1c
968,968,,8afcf4439b3ce60a5ebc90ca62313a9b
969,969,,f4b7f304c36cf0be837c6f7ce19ff69e
970,970,,b87e3155a7b83e3d619478e043ee2a6f
971,971,,710dc097545f207e550f766c4805d057
972,972,,6173b9f8b8fb7aabfa71477f04ef56a6
973,973,,e6d41ae1dda06c4a5f6d23c238e16653
974,974,,a5770cc87413566cc5e04c04ca677722
975,975,,91e57924845ab3e42edf6b1b59e300d1
976,976,,3d19fce494eb06d47e2f2417feb95bc5
977,977,,23a830b00c9ba5b9ca18758691ace129
978,978,,17941fa8b01d2e279278e1cdbd754929
979,979,,6baaae8440f05d92c4c7dfc8d411ee87
980,980,,7adfeb63916c4be831fc2b419c1b8ebc
981,981,,3512162e4d43c8650cb8e30e23dab321
982,982,,842eb9f966ffa5d60434dbfd1500fd0f
983,983,,40eabbeaa2689efb17e054d0f6f4e23e
984,984,,c75357c72c6f98ef357aca13e4438e76
985,985,,a95106f96700c4a5ce1843ebdb080f02
986,986,,95a02ddaff93c0c69f059f28b705d2d0
987,987,,a829d7c95e459b007e0d1cd394679f6b
988,988,,aa49367866db30ae43c808de2b68b21a
989,989,,56d17325103f3829b42165afcb1eb220
990,990,,6db9019531a306bc847194a1f0dd3d15
991,991,,161b3ef39849006d5a7e0819f62e09a3
992,992,,a2e26f0fe0a0988eb8b159771e587578
993,993,,d80bedf1b7dbe6df9d162e561fbc549b
994,994,,e6e9eb922cdc67367e10d6186874c193
995,995,,f360d7a27ee9e2a315bf696d99b52da5
996,996,,527c29921d3de063a572f734481e45c2
997,997,,b81a91428c8dc7505b96ac7ece667ec5
998,998,,a4ba1139fad140d9618c6dfa2b19ef93
999,999,,b90a2b4152a7a7fa89482c874375ff49
1000,1000,,fa979f2b272c355bb3770222ef66060e
1001,1001,,8a5d993412869b3d4160b897f280d68e
1002,1002,,f46c8f8824a3d6a4ceb035c8389b69cb
1003,1003,,4dcedaa157afa02aedc1b9030cbebda7
1004,1004,,3830e452c414d34af6bb6007fad7ce09
1005,1005,,d6e2cad3cddf3571a5960da2c93dfcb5
1006,1006,,af60f55e425caa8b12a5b8ff18a0d3e1
1007,1007,,e6cca1e8aaf212666c0d28599775cbc3
1008,1008,,d6404bd3de4874a2d09c2953fea5a6ef
1009,1009,,dbe409a23dd01f5cbf0b92d6bce8b6ad
1010,1010,,acbe88bd7ff2e9a88a97f40a99d71806
1011,1011,,b13251b01a58a63f0958242cbfb39f05
1012,1012,,d3278c8086608c79ae7a734fd3e665ff
1013,1013,,c0ac7ffc9a8d281c885f743f89b50c18
1014,1014,,9d54a5b956365cfd33786a5aff7bc4e6
1015,1015,,a4aa7b4f7c05d4ca39b1c85a41fd308c
1016,1016,,5253f3f1098d2a11aeda66b5da37dd0e
1017,1017,,9a56feb7d51d4cfb83f2bc64df637595
1018,1018,,c106bd83ae1edc8cf4e846b35be9c3a9
1019,1019,,863cbb2479874e41c1a72010f80edff4
1020,1020,,4249e9d74628cdfc299c4315e5865353
1021,1021,,6562064d1f4d28a4d6dd0103c306e355
1022,1022,,6e6d1ebab7d57bc5a11cdd477e145687
1023,1023,,667dcbdc938c72621903204a83e69901
1024,1024,,c6b2565f756803dbf582b03d1ae0c9fc
1025,1025,,34620fcf2594243b608eb9956907780e
1026,1026,,3e0f1a9c584e6d278b735b708bfdad9f
1027,1027,,7da0aa9cdcf78fbf69c8e9f8b587724a
1028,1028,,c34a633a632ba43abd3e205911c5a96a
1029,1029,,b219993390f1ea4545cc3af3a081d8ca
1030,1030,,d671a162577e6d3ebfdd90c4c2769fff
1031,1031,,992f3a034471b574ef49e01527147ed2
1032,1032,,10f9d52dd7474966635be704a3817fdb
1033,1033,,a4d22d4a0184fb68ce29b9711fb5695d
1034,1034,,e281c6007f694899785a8f8cd0c19130
1035,1035,,01fcae2f9e54161b821edac829832e37
1036,1036,,e48cdb53223b1fcf4a1fff6485de0152
1037,1037,,24526801e581202216a7e40130f2730f
1038,1038,,9a48d4bf4d2fd9cd19d9e68d1c8596c9
1039,1039,,dc0d883dcf8c1a4b47b3efa503287771
1040,1040,,d3b755a1d0dcecc354242b8506f3189b
1041,1041,,d90d1a2fe40e3bdc0ef6e0826e376f9b
1042,1042,,9de1090c3c1eccb41fa615d112f8e144
1043,1043,,ac06a8260764e72775e08b03e8fe1890
1044,1044,,3dd27a989111d697202c7038bd8ce6c3
1045,1045,,3d415ea6aafc604f72260c83a610f4ab
1046,1046,,7592f46cbbad89e040239634a275298c
1047,1047,,614bf7716eb8c872b7b1f7cc721a7f3e
1048,1048,,ffa70f96a37d221c701032d67012f407
1049,1049,,810cec96a347133186fea90ced4b0ec4
1050,1050,,4bf204d72412236bbf8a1ec85f8b85da
1051,1051,,56fbf8fa7c98d7633a6198689d357940
1052,1052,,b664cb4440b63d786d779d932d4a080b
1053,1053,,786476f0036de4ec584f418d3d16964b
1054,1054,,610999b807f3769487e397236634f70e
1055,1055,,25e69d0091a8274b999588ea4fe74d15
1056,1056,,ee061946168c15a313c6c75630133430
1057,1057,,710688e8042ab20c73d554af5649b978
1058,1058,,ef012378bccd8312cd6d7d1c8e54e6b4
1059,1059,,5e8b67c3dc8fa17431827cb2f49fac68
1060,1060,,d4d178228f0af929426f443688fd74b9
1061,1061,,6eb7e73de88af0f9de666487cd13531a
1062,1062,,fe1ead80ec80f58cd2793e077eeaefe6
1063,1063,,0876e20886ff3cb943cfb1d3184fe1b6
1064,1064,,2b6a7791401502cb497ff7a663189509
1065,1065,,0e1c90f4e8b4e5286420930ce5684ee4
1066,1066,,4b5038da18d8829ecbc711ea3868c5b4
1067,1067,,8ab1c7f9873ead5d86de65a568588b59
1068,1068,,9e3db400c3cf91b7fbe5ab7c5ec4c4e1
1069,1069,,4507b80c354c59e82855734575d5c784
1070,1070,,efa9fc85b063d81ff96b5f93c1235451
1071,1071,,eda5f9f83c89597e2b7611533761f4ad
1072,1072,,7719cb59ce74af7ebd1a2193324fc98f
1073,1073,,0c5729ae757989f45f22abe43e608f87
1074,1074,,30f97288135a50bc66ecdefcfdb64156
1075,1075,,0f580fb941554a465038c26f166f3d56
1076,1076,,3c0784c661823b5d8d7070016b0f647c
1077,1077,,0f3aac90c3e7e6446aed973490a4e17d
1078,1078,,f914cad219f475487e0fcd220556e207
1079,1079,,e895bf0243813c74bd4603c24191063a
1080,1080,,7651c5f8c677d942670cf083eebb2296
1081,1081,,fe3b4f3716a867a1c8cb69be0db5760d
1082,1082,,1684cd567c0c53fe707b588c0241ea05
1083,1083,,bb6e387be327ce0b72191f7cff978684
1084,1084,,82f9c835e9c9709d58f28977fcfb35d5
1085,1085,,66ebbed60fc684ef0a02dc46df368e90
1086,1086,,e91d781df05b4bd7686c420adc805463
1087,1087,,9e16fc0726a96f5798e9e3d6ca0b2b99
1088,1088,,df8c44cae4996e8569ea73c30cbe5d5f
1089,1089,,eacae089b2e21d14138a8c91367f6c77
1090,1090,,04b4a9e8fb6428138526dc686ea54af0
1091,1091,,b69684506f1e3e163b55b5ea082b5161
1092,1092,,b1244f63c5ae057a5b322799faeeb3c7
1093,1093,,1f3cd7bd05851789ec21cc871ee13f75
1094,1094,,7002d865f89265bec539ceadb523b477
1095,1095,,46467a3d6db93e9f16ee5ebed4004b7a
1096,1096,,83d34d7bb5f52b4f7237ba3bc913ae90
1097,1097,,63abfd5fe05d96ad49a7b926714244e5
1098,1098,,fca63d843ec3dff44b66c4022e6b6eaf
1099,1099,,fd6bf3f1a6c925fd8e22ddfc1711006d
1100,1100,,6fe8178fc8ee0a1b680645f6bf3064ff
1101,1101,,921980c3834102d4599859610e75feb8
1102,1102,,15ddaaee7ae360dfbd858ff3b067edcb
1103,1103,,58346ed22325d450dd19652e154108b9
1104,1104,,fecf04a71af8efcb9e4bd24ecc1fdc20
1105,1105,,90a49d63642c12654a5f5ee34ea983f1
1106,1106,,7cd9a59d272a2bf339ac5d0ecff99544
1107,1107,,ff0fd48b09557fe570c9a557f766d2c9
1108,1108,,73ceec2da76820e41c32ec5094c57df4
1109,1109,,a6244d7676c3308838bb224ba3ad6919
1110,1110,,c38f139fd564db7fa6aea4305608645b
1111,1111,,aaeccc97d873555fd499b37024ee8043
1112,1112,,fa46d29aa29996fbcad760dd9b1d3b5c
1113,1113,,c5fe06104f872b99b7945feb49c779d9
1114,1114,,f5da1ff0bfbd016c386a49e2e776ed04
1115,1115,,6a88549d4375e22481c9244fb9303ca9
1116,1116,,67c116087c819794e005c8aeb74d0ecb
1117,1117,,281333f515927b443e72f6147b6242fd
1118,1118,,f427346500d6fbeb16b26f63c7f9050d
1119,1119,,01a83ed7ed5fafed4d8f6efc4bd58299
1120,1120,,1622fb6b3a18f3c20950dc68b216cbf5
1121,1121,,6953f0478b875ad520eb5d95bbf6004b
1122,1122,,a6c339e4de0ed66b0365a64d35f9defa
1123,1123,,8277e9ec0df51aafdb0925893c09043d
1124,1124,,1781add41157583ba30229bd23158cf8
1125,1125,,8bdb99de093f54c200c0d81972e34cd3
1126,1126,,45c3d7d6eabab7ad5c409fc8b030df3d
1127,1127,,fb7b01a3c9762c0c62c611445c5e9f08
1128,1128,,213a7031b9ecf2313c421aac5fe7c84c
1129,1129,,078efdf3e9b050fdcc54ff21bd63a910
1130,1130,,97185f60b3628a34000b7c3cfe924b41
1131,1131,,c11cf6c88493383ac726aa9d21959d1f
1132,1132,,5699d15163a2e72c6dcb23fbc7a71725
1133,1133,,3dbe29252140e7481c6a4b64309ae572
1134,1134,,5652c9ed95c98e9a428a4f747ee2effe
1135,1135,,60e0e7e40ada467a4ac5faaeab3a09ef
1136,1136,,8df334ecbb679128242e19b42834085c
1137,1137,,d7819f3730f52c50563c69a353458a37
1138,1138,,5e4f2d21d039d6f938a34e002f575643
1139,1139,,5dcdd2e90ce3c3cadbfa1df95b3cf225
1140,1140,,e4479d418b3df9b71c48eb3b18329f8a
1141,1141,,5a4f60fe90881fbc6f3b4cdc9f57e20d
1142,1142,,e4c27fc156f075764ff5202bb6d79cf2
1143,1143,,bc205dd3918c6d60231321c4f6742564
1144,1144,,b5e5f64d6eec3603d4f5f6b6074e2b68
1145,1145,,41db4572d25e5d5fce3140ba4460ff75
1146,1146,,ca4fec5982c3e1eb502300070835fadc
1147,1147,,17a72ed097983985c693b07e5477e156
1148,1148,,72bf1e9a6bcac61ee15447e55e287c51
1149,1149,,17f6929e68023efa510e843dbabbec01
1150,1150,,afc23ce8914d051625e824f2e5dcd80a
1151,1151,,0cd8cdac40c2df03cf6735277d0778d4
1152,1152,,44db0e3048a2c856ef96e2a04a425526
1153,1153,,bee21604d859dcfc4798a70e8d081b70
1154,1154,,3921578e634364395d06f59499feeed8
1155,1155,,107c51b56e9a48cb9ce9c715952aa19d
1156,1156,,21e0ade0c0421ff9f9f4961a500708e0
1157,1157,,284eb9cfc23c2cac64807db7eb2dab1c
1158,1158,,d587056df00ea43f6561052bf9534554
1159,1159,,f1f337485b1576945a3b560ac51e61da
1160,1160,,9e1a46d3c0a101a39dcae5ff791d0c3b
1161,1161,,1038893f8aaa65baf4dc4f3bace917f4
1162,1162,,fdb586970bd5a0d7232520e669c7fea2
1163,1163,,6bd0e56784e88a812da9e2b8b043c5bc
1164,1164,,7db7f6e7e1e2bad4decbab9b5dd654e7
1165,1165,,0f564a7e778acee4f43ff3f4106fe9b2
1166,1166,,c2217fe4b884c1ae6e89bed398ce6808
1167,1167,,131b960fd742753d97687cc2a3c5395f
1168,1168,,82daa3cff6b0f9ceed1960a920984188
1169,1169,,00fdb51c4bc46c069cff1acc74ddf53b
1170,1170,,818f1179f8036cfbaa28fffaf1ca288f
1171,1171,,6eb41912d5b662ffb79b2fc03125b8d4
1172,1172,,5a0e8870b39073021761a85e0ecca7bc
1173,1173,,bc84b294c809731d5e8d54887762f977
1174,1174,,17776fcbb511f1289d71eaf6976140c0
1175,1175,,a16ef910f3908c10e97643ebfb4d0e8c
1176,1176,,750763bd444713e33cf8285c4aefc03d
1177,1177,,a8c472e72b8cb2ee1db0c53d321c376b
1178,1178,,2f4a4ee0f2b00fa9e3ad2afb467e21dc
1179,1179,,58953b2d164fff7d11ceaa256ed45837
1180,1180,,6618d24ec654f44cba7953e787109095
1181,1181,,dc8324e26a2810cdf44f34c2c12fc664
1182,1182,,44e69b4560d41b321d27f3a07c696f3e
1183,1183,,0ed2ac11bbeeda659e62b4bfac709fff
1184,1184,,76fb5ed559431c187dbd1f24d49806b3
1185,1185,,c31135843492a9518572434145cede5c
1186,1186,,74f1e661ce9e69df5ac42404e372698d
1187,1187,,36be907a35833d549409d5891cb7e557
1188,1188,,73d4a2a9716528c39977afcda34a3978
1189,1189,,6c1c6289a78caa8b401c16d5e373b032
1190,1190,,86ff9cd6075af8e133e020580395d8d7
1191,1191,,2c5d1f7dfe7cee3635da10cb8ae3a244
1192,1192,,c3fdbd2fd6157f56d4013cb168b4c451
1193,1193,,545d4af64202592c0648f0fb2ed037b0
1194,1194,,29045c24cbf7c293ac2171704b7cb7fc
1195,1195,,344fd0c76b066c9242e32625fd7c15ae
1196,1196,,065e52ff995072fef04d059bf84c4334
1197,1197,,cc3cfd08179b664bf3ff2dd4e4dd0dbb
1198,1198,,de1473c772a64acc61cc829de30fc2cb
1199,1199,,b2e4ada0d2653d55587157c9589dfd6e
1200,1200,,38b14eceebd77c3e12af91914989e901
1201,1201,,940952349e5ba7fc5a624b7fc4101b7d
1202,1202,,a2cf1b3c44d03ba6cbf43db8eb97c020
1203,1203,,860511fa27449f1db890a447e6dc7a37
1204,1204,,21eaf002610fd7762cb847f71341c88f
1205,1205,,8c0b41fc1e079649180b4f56c99d1549
1206,1206,,adb0314be5f9fd7fe2b0340772d2dd3f
1207,1207,,b1baa642070b04408c252b0b046feaa7
1208,1208,,3d29d37a5c2e06aa8f5365f8b8a166ad
1209,1209,,9c1f5f646d7d6764ff879b06407ad35e
1210,1210,,a1e6c9e8e5b1cb4bb9af792441da2e7b
1211,1211,,c6de96168faeef7f63768e1863870aee
1212,1212,,752b9e4d8616f403467e057d55a3852f
1213,1213,,823c089e2558e35da7abef13c79157f7
1214,1214,,78b3052fe86de693c24967d274cafcfd
1215,1215,,f50c1efd2f149f2882af0e349078269f
1216,1216,,d899d2369d83913c287ce1b277421709
1217,1217,,6166df2af9307f280f557ce493f56ccf
1218,1218,,7e06ed21089516fdd126bc185ea6ecb9
1219,1219,,0cb0f72a88f56578bc7b90c32de859b6
1220,1220,,fab535b6a30af85eea31e0861117195f
1221,1221,,b025803973068b1e7b479ad12bdb7da2
1222,1222,,4dfded20fdde5cd635bcaa14cbe74e84
1223,1223,,98ec830eb4f2b9bfc5d6d5687d718963
1224,1224,,6dee74d185a02dd6aa11ee677097699a
1225,1225,,78b162efc86de81f27dbdcbebd0b2b1a
1226,1226,,7851461b49f0869294e6b58709d8113b
1227,1227,,042e976d21e651984788f074e5b69816
1228,1228,,4885c60f5b9ea3ff6aaac86ee375b9b1
1229,1229,,2e4e8296882800775e286f99174bd118
1230,1230,,15c16660f152d2158f89c682cff32238
1231,1231,,a8e7bc2e7dcafe07ef261d0b6412c373
1232,1232,,8e7d215eb71af199f1cd722ec1817633
1233,1233,,0e13af20c18eea7d4134a83ca73d432d
1234,1234,,eb889b7cf83ff93e5b7d5afee6c50d2a
1235,1235,,25db0e074b796ba4dba1c36d236fddd0
1236,1236,,3a547e5b71a05251a9f97b1f925c77f8
1237,1237,,c7ccee6621da388337078c4e748ae19f
1238,1238,,b01807db43e9bf4cd7ca438d52368549
1239,1239,,08d10722c17dbad02ffdcc0ef10a29a6
1240,1240,,c0e142f4f6578f851e7fd90e15f30aee
1241,1241,,43688aa35f7df190b3f46099a13ccbd5
1242,1242,,57237ada4a46d8921c058086d111041b
1243,1243,,39ac94d9ee1372bc51c992a19477fdd2
1244,1244,,e1ee10e5bdd0603e45917ab5eeb7d0e3
1245,1245,,6320b173e47ec57d1e6b02c7619f5538
1246,1246,,eeecebe034aef726ac4e939ac3131743
1247,1247,,a2fd7e663cbb0cf3a12c28011afe3504
1248,1248,,d978bab70efac77be15b3a57417964f8
1249,1249,,fb41935fa792f6afde6ede36969b3d49
1250,1250,,be26193913eeb459d52df4765b85cbbc
1251,1251,,8e8b4955db80cc248f553ab62b50b7ea
1252,1252,,2412bf1267a8511dd4afa83d8aa1e6d4
1253,1253,,ad149c296e6a19bc6ba2e6c09630a900
1254,1254,,3e886adc3f28368c326fa0e79ef6f666
1255,1255,,bc79376e4b1a54a22d01e9197f73bc5f
1256,1256,,8eacb35d90a21025a0213a73c229b267
1257,1257,,059a75a9a8d4a037ce75c0ff1b20cf9c
1258,1258,,9cb4e8174a83faeecb77ba6cbfca2a78
1259,1259,,0d29e4f9a53cf14342e7645bf4f44321
1260,1260,,00450720c361bf9c6c53baae8123dacb
1261,1261,,5386f60631ce921a40b83afa750fe241
1262,1262,,c1efd8b6826b29b0d8e0c20231cbbdd1
1263,1263,,e9e277de3223261e594a3e29467c9743
1264,1264,,c2c044fbb8f9d3eb3bede20a48e7c643
1265,1265,,1a0fef766e35f78ae450c3a7a2e32909
1266,1266,,79048f48e3f698446f9e2bdabd3cf43c
1267,1267,,520ef911ccba64f7580a2b79096153b2
1268,1268,,5f7e98add89d371a83d33b199935dfa1
1269,1269,,823ea4594ee8ae6b99898c0086bf4a0c
1270,1270,,c6fc9cd92be7863aab139267890e8d19
1271,1271,,101ccdf729b942cfc02ac0674eae6bcc
1272,1272,,f721901d8923db2d9c4fa89df0ae5231
1273,1273,,a7d1d1eacefb8083ca673c214b28e843
1274,1274,,60942e933d2ee3983bef706418961f65
1275,1275,,23a8b929539465f6c199e3219a469c94
1276,1276,,674a2026ffd94a88961094cd0267c0ca
1277,1277,,d7628526351a420c437735828500fb5d
1278,1278,,911b02408ed1c11d6f2a56d8bebadf92
1279,1279,,3d8990c87e0a22681a5058ff16695864
1280,1280,,c964d273e8f66bb3e578b67e8cffc6d7
1281,1281,,c79b5200c1db6f539e060b183de4bb7d
1282,1282,,90f7b314824c0c0bcbe48d129f205c5c
1283,1283,,57eeeb71d4593bfa202534bc3999b3a6
1284,1284,,25751bcecd31fa5777a63274dcec42f5
1285,1285,,e9f933e7aa95218c79533b6c570ab97e
1286,1286,,876338060e9eeec99c7c47685ea6e6ce
1287,1287,,9a56a14d3a5f03dc5602ed05c75d67ec
1288,1288,,78c075ae86898bd4a582616ae4095df4
1289,1289,,4ab91d2d9a15a5466bcaf2dbf121045f
1290,1290,,e292905ebe95a5da3192db49d1f16c32
1291,1291,,9b7b3b82554c58616dab61ce40a12f28
1292,1292,,6e1537934a75ebeb27b9b6fac1871bb7
1293,1293,,c485b7e45d9f51fa6a8d5fbef06ad752
1294,1294,,a821d8fc889c54f4362fab44919e0aa1
1295,1295,,373a4905d0781192987a7211aa82a556
1296,1296,,d7be747cecfa05a7443edcf1a0ea9931
1297,1297,,ebc673b4678055e08d58061dc55e2245
1298,1298,,a933d188fce6e83c92f2ba7313b4d61b
1299,1299,,feffcecabecdff49a80fc8d8d25ace26
1300,1300,,0f997e6d736d9577a88f77ddce4f1439
1301,1301,,a0c113cc10583521ab839358c23afa69
1302,1302,,84b58aa1c24513fea82285ee617fcfd5
1303,1303,,6e784772dfb1f8e5c2e2f077510b1e85
1304,1304,,e4b156fae4e0e5c15c8b6ee6316ef67e
1305,1305,,6b526cc5dac42d849e92b2ef54b16e43
1306,1306,,850fd686492874f47006a9d2608c8f2b
1307,1307,,0e9dab8a0a87fe6457543b2305444708
1308,1308,,9d796bb001cf3897f7dcca27bad9ec10
1309,1309,,cf83af569560f62111c1c30ae6b9027e
1310,1310,,765839fc022320ee80d84b4ee506db8e
1311,1311,,45f6cc9e4bc19c179f74036ec8686fa3
1312,1312,,9cb0425e331b32a9796bff3c114d57d5
1313,1313,,26345c666616a2ca4cbedefd60b77086
1314,1314,,631ff6f68268d36dfa401e50a9113f1a
1315,1315,,5c3466ddaae2abae408a69feb1570ae3
1316,1316,,6fede15a3c9b0d4a0111980a742535e9
1317,1317,,f444d3840b26b6f180e1f76870b02bb5
1318,1318,,39e1470f5b67cb68644b6ac6c4115dcb
1319,1319,,adc3135c577c8c551b78c4c16e4a1734
1320,1320,,27c73a6268153abc569cbb5031c25fe5
1321,1321,,d1ad2c048587c79716fc99be8f52badd
1322,1322,,4c7ce5e7584b4551614756452d6de576
1323,1323,,f66d64815d5ebd8465e2e88844ff17e4
1324,1324,,8500f35e5a3a0ea6efcf1505ed185b61
1325,1325,,bfcd515536f581fbbf30aed3e0e8f524
1326,1326,,ac2ad808f5731b78a4ac2b6bb419b1bc
1327,1327,,be54813ad65c55edf7c4eb21cf0251c6
1328,1328,,20611ddc19d98d176452a0d48bcfc5d3
1329,1329,,b0570802b778aba438a361350d810a92
1330,1330,,89cfc082240b6e68a42577e612a926f1
1331,1331,,ecdcebdd61dc902dbf10f88cfbf91603
1332,1332,,df7246424c0ad5e7154e36bbde8eb572
1333,1333,,e4d31df698a0e2e3bc1499afb6a6035e
1334,1334,,b270d6ffc0cdcb10a383142748f76edd
1335,1335,,459f43c55d1f4ef8b1cd196f727afafe
1336,1336,,9e5eaa3bc9a2d5f2b5766ab139cf92e5
1337,1337,,f98c6543ea4f62f5fbae675a3c850735
1338,1338,,be42a25c99c61d5c18bcb938ab315b1d
1339,1339,,5d5b19ffecd943eef941226a169ca8c3
1340,1340,,4c226a87b386d28c66857f2865b6847a
1341,1341,,ab6d0a110b9e91220ae2f3189bda48cf
1342,1342,,38aacdf9c1d07241e45e723e26e59f6b
1343,1343,,938a378f8a586f056b700e2cabbdcd23
1344,1344,,57ab2a71a50f4007cfe0fe4b1af0c460
1345,1345,,bd967aa3f5172c371699c658cfe7d475
1346,1346,,60843b3580c77448dfc8ba9c4d8f08b0
1347,1347,,6acb7c8ed78640ac6b8ab2eb9c09ac59
1348,1348,,80bc03abd201178bec35d9dd7ee2af61
1349,1349,,f75c1b883201883cbbc4ec10ce8f8bf3
1350,1350,,1113784a80fe7bf913a672e755ee5475
1351,1351,,b3fb07caea27e93ab51c59e40b567b72
1352,1352,,84293bbdbee645a718b4bb4881d3d870
1353,1353,,daffd25ec13d2487b1f7fdc2197acb58
1354,1354,,2b6f66fd93b4c80edded8f4c51b5bbb4
1355,1355,,794f9bd53ae63455a328570160dbc9ea
1356,1356,,6d75071e37c274283cc17b41b4452a1b
1357,1357,,4b9f292c070ca1334849899918ead747
1358,1358,,08ede3c38f3f372d2ebddd3779d309e6
1359,1359,,29dd955685a4ff74bf9c878e08c6bc78
1360,1360,,94bcd39ce5b9a20ddad9499086b706a6
1361,1361,,1444b77cf949a296d055238cbef7100d
1362,1362,,b85fc1efc4ecdf5d0ce38c5179a0486c
1363,1363,,db4ec8d7e6a7fd37df1b455347ef4be5
1364,1364,,5a58c04c90d4745925dcc535f29fa759
1365,1365,,0c549c704068342df823feaa6559ca58
1366,1366,,16a299724a3982d56d66bbc9a302aa49
1367,1367,,eb739a279056089bd4449f985d83377d
1368,1368,,524467e3dffcc632deeb2b446ba04d7b
1369,1369,,e68d6cc45f97a8249c457f09bbab4a42
1370,1370,,3152e506df537ad25028e1b71c3f0b69
1371,1371,,203383152eb9efcd86602f7dc8c3ae49
1372,1372,,db6ee71cedfb32254ea2d8cc1c6d97da
1373,1373,,f822a8f93b60a93580876c7aa1fedeaa
1374,1374,,3ba31667c96d0e72776da9493cf3d95a
1375,1375,,29d319ab921eb0b52a0f4f9d0edc2b3a
1376,1376,,4c221ee20935cc9dd84aef8a125f7c73
1377,1377,,ae2ed1ba4f693359834bffd0af78853e
1378,1378,,8cc67de106f9e31fbb0c94608186689d
1379,1379,,06bc567bc75a0343edb85fd6dde7067d
1380,1380,,8c78fa698643576e23fbab38ad9bf2e8
1381,1381,,7da6cfa38e6fc72b026f4454aec19502
1382,1382,,bcf4220d34a11ccafac3bdb02233d6e1
1383,1383,,8e1133a67803b598f44eb325a5d22ec2
1384,1384,,c8c91203d42f19fe0e66abb52ef33449
1385,1385,,9d847db48fd614ed82fae2fe0ade6b42
1386,1386,,9a4b35a856fd76584bee58d084381e38
1387,1387,,1e9f7fa4c98800261e31924beb205f38
1388,1388,,02a243b69feee9a2c168481d74151999
1389,1389,,49195cc05294b28ed6827ba9e2167b10
1390,1390,,d62bbc4ad13b711d57a36e706da7d2f1
1391,1391,,967679c93b20e9848fc69c41d50990f7
1392,1392,,5fd0f377a5ffa05425e3907c5c111f1b
1393,1393,,cf3d0764f9a8d905027573f6581569c9
1394,1394,,3681df15af8c505b9fdb94e49d0d933f
1395,1395,,c75bfa2fb16b4fe9a5ea4a2ec086cf12
1396,1396,,51ff84aa2e3a9091deda9f7482d489ff
1397,1397,,83adeaea9731009be1cbe6d4e524ecc9
1398,1398,,d9792765ffb9cc84f20102cb0484e8f8
1399,1399,,70e7b541e63e8bc442239117cfd135ec
1400,1400,,8eee7264e3df5ea8059e2b5cf1de6e9a
1401,1401,,054e55c67fc620644565b2b8dd769aff
1402,1402,,88fadf3779668850b2d8ba98a580aee2
1403,1403,,22df57e049737091745603cf0e92524b
1404,1404,,0aeeb14a50952528f21df1aca5381fd1
1405,1405,,069b6c32db59b0eb002451e2456a3c1c
1406,1406,,522337ef1744bd7fd2d1b54701fa4e74
1407,1407,,ff51cce95ccd90299007bf569b328f43
1408,1408,,2bb71544a38c01a6a2ca9f7de5f90747
1409,1409,,145cbbf8600aab160159a3c2a8603c2c
1410,1410,,25127666bf829d597a9a3e7ccec38be1
1411,1411,,952042502a9312528f677cd316370aab
1412,1412,,49fbce659c39c7aa45d22c7be11bb0d2
1413,1413,,b6b3006c95e64fffde4372e1871de9f3
1414,1414,,89c17a8109b9ef284218a1accb23f464
1415,1415,,ea58d91de05b91a38553926726d242f7
1416,1416,,91c61314e67e512c99a2523336b79767
1417,1417,,dd9bd7a1f49dd72f91f02b863bceba55
1418,1418,,4aa82d4a7b7327482ab79d23a1175c7e
1419,1419,,daa7cd21b9ecfa9829d1689a82a2a861
1420,1420,,632a910cdf79c212c29781cea4a2cb97
1421,1421,,00a76e122bf4d55b4b5cabce57cdcf7d
1422,1422,,4ead5426f81eb9b618bb8e79701dc26a
1423,1423,,de8f4dac4956cb0c4d9307e736877467
1424,1424,,6f5d2128703c6497d94495e0debd7807
1425,1425,,7e91448171769157d52781a6157cc02c
1426,1426,,9b29bb2d010f7d289699c666366f318b
1427,1427,,cb1ac02e19499ca23ed37ce12cb2d34a
1428,1428,,89427a4742a9ea6295ecdabc09880d2a
1429,1429,,a8f0287822a103d5c7c309c13012ee69
1430,1430,,edddb031a9dbe6bc56debc58bcf4fccf
1431,1431,,b589488318edb5f4969c9c6cfd0ed7b9
1432,1432,,81bd5139f948a7683eb572d61580296d
1433,1433,,69ae63820098e35796da878b827b5f76
1434,1434,,eaa038e0778eab77f48a2ec4b7da14fa
1435,1435,,1efdef35693a4fa40be95120e994afaf
1436,1436,,da094535c20691faf8661cb7d6f19b40
1437,1437,,285134b4f382a72210b2a5018b576dde
1438,1438,,4234065ad549bde20523b422c6ef0c46
1439,1439,,7a83362585bf8be71b63f6aebe311c6c
1440,1440,,10fad30beb95b8e9e82d2ee0aab09eee
1441,1441,,b0a9bef6d3e9a6edc66ad3a25cc6899c
1442,1442,,a8a4d2fe926254777f73dadb131e2c35
1443,1443,,d9b3a2f21d0c15559d147b255579f594
1444,1444,,a29393dc48f3e0ba1471f8ba1934a0f0
1445,1445,,b3dc5eb0c523d7c1dbcc5bdbe62810ad
1446,1446,,8a04e9bdb30937b4375555e2a68526bc
1447,1447,,a477c645753e43328928fb28b468b21b
1448,1448,,3f035492b1787cde1dea0d4069e87d57
1449,1449,,c8dd2acb593fb1f261edb96039b02c3d
1450,1450,,28e245ca86d4fe075a36377c529cdfde
1451,1451,,8bd8a7a04b866874a9921d1eb3fffa73
1452,1452,,3437be85ba47db6de232d8943f050039
1453,1453,,9c6f48add964ed67f6510daf124d8e47
1454,1454,,21124ad7aeafd919fa328c196407ad50
1455,1455,,fad93ea47331d1c44c05a1a0fc50f49f
1456,1456,,14f5d259a37607d317729197240021c2
1457,1457,,80fa65fa527bdf04616cf4f1eaeb9e32
1458,1458,,1a8b550724b45d644bac24337a62d857
1459,1459,,bd83608b338311f7bcbc07a7567c788f
1460,1460,,aee17813f5ea1c988f611b8cb07fe7c0
1461,1461,,dcbc983575857f2a2aad25c7e9fa8116
1462,1462,,76cca2afc532e2433bce5afb27074d13
1463,1463,,1405840fbe93677bc939a77bd6c755ee
1464,1464,,7c5b3f407ec2ee7f0842010484a9ebce
1465,1465,,015adcc09ab562aa52524d49acb506c5
1466,1466,,79b32499ab5d60ba31aed8763d149b3d
1467,1467,,adad34bdfa86ece8c7c169518c2347da
1468,1468,,e0aeda4cb4471ccea73912966ce32335
1469,1469,,ed70691815cbd97df7e26bf93617a25e
1470,1470,,54f982683300b8050b66f0ee4cdb3533
1471,1471,,bd2e0e8a41ba946b393f5a4bd23c49a9
1472,1472,,bbc30da3a050761ebf1b8c64c4c46eed
1473,1473,,6442d9d1e7537bb0493fa2dda57d4153
1474,1474,,56a00d5779d0b6d9b29c5a491def4fe6
1475,1475,,223a4a2e2b18b40f4b37f55e52acf582
1476,1476,,adb96646005427cabd22b9c058751d67
1477,1477,,92854f15e54a82935df3db48bb712ef3
1478,1478,,d56272f604f17f65002e106ba8ab1aa9
1479,1479,,93b4f697efe5b4f671cb81afe243b0e3
1480,1480,,d15e5b408d3f4daac5080a3aec27512a
1481,1481,,9922d7921fdcd25033c43dbad4e5872d
1482,1482,,7968d2f6beef3d12633330a5ef0228cd
1483,1483,,73df4b0724df529c5f7c736008df7b6c
1484,1484,,1d388d8398da49455322e21508ea208c
1485,1485,,bf079fbbdf81547197253dccb3da9da9
1486,1486,,48e2f19da56fc90f53672d303e729796
1487,1487,,84e41502391e444f16556208bef6e54c
1488,1488,,b699447fa45c600bdace4ad572cd8132
1489,1489,,0614156ceed7da63f8a2d459410ca5ac
1490,1490,,01a47518347e583b4bde147c6f7f8917
1491,1491,,6fcdafa76eb517f43f42ba53bff13e2f
1492,1492,,fe296630fb62f7d61ffaa959591f59d4
1493,1493,,2c246018fff49a11480164f668bc54fa
1494,1494,,4f3ba58d52bdc4fdc075155c6fd66d7a
1495,1495,,b1981f4b026782f771cba5c2577d9380
1496,1496,,e3edc13ee87270846b0bfdb826a9edbb
1497,1497,,b369df687c3c74e0f789c8dbdc96841c
1498,1498,,be132af08bad3b3389186465e8b1be0e
1499,1499,,a94399840064a7e113b2235f6d7e1ba4
1500,1500,,3663f8e1f3edbb500dd3428851ace42c
1501,1501,,aa6442d7069efcd5a0ebd5268d578c9c
1502,1502,,fa8be8bd690c49eeebfae1c3903782dc
1503,1503,,252fcf8bc5995f0d92656dff8428d20a
1504,1504,,5abea4202fe5a26891af2ef4049a3627
1505,1505,,49e524c09f006aff415945820227db75
1506,1506,,56fa9321ccaf972eefcfc7582505da39
1507,1507,,c1f3b9cb6968e05aa6f0d66b2fbbf2ca
1508,1508,,614ca7114c6d37eec941770d6bddb79e
1509,1509,,af079f38b1d7ceb4bd1f06966719df7d
1510,1510,,d40a6cbc0faf2156b5dbe7e562ac3cb4
1511,1511,,7a981f54500c5137a806f6175914c013
1512,1512,,9d355e3c12d69cfd594aa77164439fa1
1513,1513,,20fb42626b03ab3290c9702afde0b921
1514,1514,,2ee9a02846dea5fbaaf0b0f5a2a073c4
1515,1515,,3fee92e0f5e992a2854501036e39649f
1516,1516,,68855969937bbcbfc669ab91987465e3
1517,1517,,8a8fd190e33430046b9fb82abbf63178
1518,1518,,9e10efaa2f1061d6da4033c53d3337b8
1519,1519,,16aecd27aaada154234f3f9e1166a239
1520,1520,,89f9efb78ccc703e4242c2c532819ffa
1521,1521,,a2c69842ca6606a7f6f11ab1032bf6f9
1522,1522,,82841c4d98aa43bd4c2caf0d525eee99
1523,1523,,17b5f74d3651c651a0c9bbb94b1d4c99
1524,1524,,d013a7ce2558e66fa08889de0d53a53e
1525,1525,,82905e54ec89313db258ae72c107dda6
1526,1526,,fa374cbb462bfc9eb2b7044d092bd612
1527,1527,,ea85b33779ad5dc407de90f39318d609
1528,1528,,6da6481304367287a582269cbc2d5d80
1529,1529,,3d264a966f3193269d0e45ec62327d8e
1530,1530,,88de057b97d1df20245d7a284b08c3ca
1531,1531,,0fa28309bcefdb0ce73d8206093bd1ed
1532,1532,,5287804765603de6eba169ad17b4f211
1533,1533,,ae42f515a0d6ff882b735aa4027257a0
1534,1534,,05da5ee5ebc6b6b3a2614b8424bfd42a
1535,1535,,11ccba50e4be2999cc43c36fc2140909
1536,1536,,8ce07e623d18fccebc0b5cf254dbe649
1537,1537,,26102e156b62228be22f4f135a599fa8
1538,1538,,5c6faf5a504ac2c2d5e5dda60ed4492f
1539,1539,,b9efd8b3a78885497cfac39e380cff73
1540,1540,,65a1c8fa3fa7fff4a5d500ccb9a722da
1541,1541,,2da716b0ce4dafa8732a6cb4a00c4093
1542,1542,,87c30877600e72db1aa60aa6ba4fd45b
1543,1543,,b40242e70cd73173a3bb90b3a7ec095a
1544,1544,,73e5d60b87ff5c0aa5fadf119016e523
1545,1545,,b5fd1c06199a1ca12641524c26733854
1546,1546,,49639d60adf0028c2809bc9a63a00a98
1547,1547,,9d0ab686fe5361398452f866ee7bc71f
1548,1548,,0157b9c98391de754394ad7da4f65069
1549,1549,,a276983623069b8743deef57b346815c
1550,1550,,179a8d0ea5ca3179b6e7af99acc8109c
1551,1551,,5e9e7fd02813168f2075f7a1b20331c1
1552,1552,,d1d4881e019cc8a7430676918fae22ac
1553,1553,,5c9df1aad5b525e915d70131dfd990ff
1554,1554,,230852e5bc69b50c0609998778dac054
1555,1555,,35e35064b0a20940261c168c9f08c3b5
1556,1556,,3a6ff48f545f6e5f5cba70a112114d2c
1557,1557,,37277143091b311a383072b5e65831ab
1558,1558,,9b7e512c26277ca83534f27b47c3f387
1559,1559,,51442426bb221c6f2656c77354665bc2
1560,1560,,e6928ac1fdf4c9d747407dd886a240c5
1561,1561,,cce7d05fbd70e2c796b0338cbd26be7a
1562,1562,,64c9e0896ff0e3f12df2eee486a4beae
1563,1563,,1fdc3626d0c29b025ee3e2c8b6e8214b
1564,1564,,31bad73dc9b1cef8fd90f31e79226e86
1565,1565,,880bbd76d1d1a3aa5208f711063dc358
1566,1566,,11da77d254cb4ff1d5b839c0311dac91
1567,1567,,91e00e9f9cb78281ea1acbcfd08531d9
1568,1568,,a8386713afedf1f9248cc706a0cbb13f
1569,1569,,1f3d8fed679b64eaa9b69dd311011cea
1570,1570,,280205c61cb0e62a562ce338d178ac9c
1571,1571,,043710b4a833c48482ae0b2246702556
1572,1572,,472a4d61e50ca8446270e8a3b64e9107
1573,1573,,2c888a9db3c3815b57a3405d1a3a0370
1574,1574,,3ae0d98a24858cf73ddcc2ae745e785c
1575,1575,,22678c6fb2699ee27cc325967f9db989
1576,1576,,5521657ecd7c0108cbe6d5d04616eebb
1577,1577,,3ae9b25835ddf924d6bae721eea13047
1578,1578,,20908381d7f19839efce33c63cd07799
1579,1579,,f443040715a6de0421b95aa541300739
1580,1580,,d8cac7f3aa22c6f0707349c54b83e5ce
1581,1581,,d41df8980644f73df684cd1c572bfe20
1582,1582,,66d7247db2b16a685c76be005f755aa4
1583,1583,,feeb9e887e2d6810f78f59910214ae6b
1584,1584,,126b1c64def97fec185eb690e8fbd15f
1585,1585,,c185dd8c2674d827eb2005b5171c3c53
1586,1586,,75fa3a77ffdf8c11ca3561146d766b07
1587,1587,,cadd44a49ffa7275d32c414f580cfb36
1588,1588,,db3b73fefd9d80be711fa80364db7016
1589,1589,,b7aee74fdc7f2cff0f8e90874364892f
1590,1590,,5354836ee59fe78a0299e013d8f41678
1591,1591,,619b20f549e658933b01f1e6b29669c3
1592,1592,,39a5ff56e1eb41e0b0231fca4f7ed985
1593,1593,,d58d964c2026fda08bacf995a8d77b2d
1594,1594,,b7594dc02e7a1d93fc711c8dee9d6386
1595,1595,,168c521ff5ce25561a507076bee5d9b0
1596,1596,,14776625070c4de41965575baf27b53b
1597,1597,,a9f62f03c32b846c1579123b802e3049
1598,1598,,b1660c02bfc96f936266ed114c95f9b7
1599,1599,,b46417fe0a534b13eb5f705859143d44
1600,1600,,9cacaa28d80b53a25434cc07db7a2df8
1601,1601,,4dfcf76f83b46563cf0a137fb3c6bc57
1602,1602,,eaa5143e3ec464e6daa77890059b4727
1603,1603,,b7a2409c723b22fbb9c4130db218997f
1604,1604,,8eb17d4735f17ccf8b88f6db12cd2484
1605,1605,,853b9ace593b256287cb52bb1047ddd2
1606,1606,,23d75bea26070a944dfbf418ea167e04
1607,1607,,a82eb85f354f35598afc25616f419574
1608,1608,,25991f95af5bc5e1ee57e417c454e206
1609,1609,,a1fba3f7488038c6d9f35192af3f5b07
1610,1610,,d8052f5dc21ab1d39fe4283258edd0df
1611,1611,,2cd124531c60db69d8a1ccb5822f6c5c
1612,1612,,5615db29e6ce1e68fcdc48c4ccd1cee1
1613,1613,,aadb12c586ff4037f54a2985083c5205
1614,1614,,5fc2f6cab2d0ee5e8313544acca1c310
1615,1615,,93a77a6bcac6d149a5d4fcb79dbb5de4
1616,1616,,4413fd22d48f5771442b74da6f7f8f1b
1617,1617,,fe675525f2a70a8851c3f9766dbda671
1618,1618,,5fd88ed3f03e17fd94ba15b1e13b1921
1619,1619,,9f4ce2ffe8608bf878db6f1775866691
1620,1620,,e603d15a9cb12591ebfd171d6133143f
1621,1621,,0d45af65fdce7bf37161716c495f7312
1622,1622,,29e725e7af9361cd1867c3a74019e816
1623,1623,,eb34161db2cbe9c522568a81f108c11d
1624,1624,,3367c3ffc20cb501b2d1edd815fa4a0b
1625,1625,,5d9b99eb2c8083f3ec09d7cb960aad42
1626,1626,,23218f532b5adbba13aa88688c474a9d
1627,1627,,71151208a37024bd3d2862659a37aded
1628,1628,,da13c4f63b060163389c56268b2d9747
1629,1629,,58cfda5b34a09ae3c284293445dfbcee
1630,1630,,38f4307bc4c56df0539c96ac340d7c1e
1631,1631,,df301f927ca1531c0e820e193615c31d
1632,1632,,fbd0b01c3670836df9f4e6f21b5b6607
1633,1633,,b30f9e06eb88f74b13e5167f3fdc16d6
1634,1634,,6ac4555c0bd80fc5a57cbd6454470fb4
1635,1635,,a4047502287197a316c12e5d0a3660bc
1636,1636,,f3d5e9b316a70449b5ddb4e264628914
1637,1637,,4f9ab1ed203cb5e0631f67de3a5d74b7
1638,1638,,07c166fca1855191a4323f3620338e09
1639,1639,,9e7b4d668248ebb753dec01421259885
1640,1640,,fcc0a53f7d78385070ca43452da229c5
1641,1641,,6f1cac186e1102566d0b12804743b3cc
1642,1642,,d22d4b4a237e670e58f31ee9dd037af4
1643,1643,,2d0c2b54cc78a38c5f522acb054c9f5d
1644,1644,,7bd81bbfd0e2ad63ff7bb13323a64be6
1645,1645,,c35fde085d503e2e4af5f805eef7ed7c
1646,1646,,37fe3b1862bc2ded96dff548bcaf536f
1647,1647,,bf931491364f850f5edf926ffc6c7c8d
1648,1648,,b511c3c995b711a14814684c251d79be
1649,1649,,ba67c13d0b721e1d300997b6ad09e1b6
1650,1650,,5c6ea209875f8887f5b265c19a90472e
1651,1651,,5af1a0490f7b1faf14ab99b95c6f3390
1652,1652,,dd60239a7a0a9f54bf4cfa56db2629ae
1653,1653,,d857859deda3f1b9c974b7c513bbaa01
1654,1654,,378f3f602fdf57558596c3f0fbfe1395
1655,1655,,4974a9e834ccdf502016af6c9f7337ad
1656,1656,,f244e9f97042b08582d9672a0005aafe
1657,1657,,13807ce9473940dedd724a4e1ae48ceb
1658,1658,,5bb4691da0a0cf396f9683e4ac128157
1659,1659,,e8cd29e0ffda59a223a912d8f895760a
1660,1660,,d61734e026f49554d2ddbd3851607648
1661,1661,,32c3cdf89de351d590283debaa6c6033
1662,1662,,4571e943d82717918cca69ff496de76c
1663,1663,,33ec6ef6be2b4f9156cde52bb1f37852
1664,1664,,ea8f06f661ba8eecfe997901a03040c9
1665,1665,,f09a29ffbb5ec31c381413b37b7f24fe
1666,1666,,4f45b1b869d260b4c5bf61c803c48774
1667,1667,,e466411cd9d949ce68947cd8ed60c968
1668,1668,,86550394f3165819255bdb54c9475f92
1669,1669,,18ad51febf57e7001c2072de29d9f570
1670,1670,,3db2abf4eee04cfa11cc5fe4248d02ba
1671,1671,,f7334cccb8ba3b994813c8f656fbf8cd
1672,1672,,a0c0def0b8fff18b0c4408bb991cd175
1673,1673,,7b3942aafb43874e649fb538872e8295
1674,1674,,6a1bc49ae193d11c2d789a4c7884b336
1675,1675,,e505453755ecb3f77645e46ac589d010
1676,1676,,90cd760d261bc3556694fd712596e26e
1677,1677,,bae452b6278cab6126a59be4c546b3f7
1678,1678,,f0e9246552173e9a94eb20191ef6c674
1679,1679,,d399f68a71850591185d2b09b1cdb0dd
1680,1680,,31d1c9bfb9c58349cd14829214028836
1681,1681,,1437d2ff696cccf838b9458ae7f7b3d5
1682,1682,,1f08ea3ae05fc59b46ee7a842ca3dc88
1683,1683,,88ac412ab9d3da045c4dac9b022ef1d3
1684,1684,,892fdf6828000cd337f772df07391c6d
1685,1685,,d7557dd3559351b28c7d63df925fdd2c
1686,1686,,2d93357e886c165fd0bcd9a4f77c210b
1687,1687,,5a63b8f243bf990adb8a08e1c2903c81
1688,1688,,a1ac87e52de8c27ca026ec3f176b97ee
1689,1689,,0b85cf48923b95579dddc83e61c58689
1690,1690,,884ae9570ad0132dd99acabd46679f77
1691,1691,,6f354f96276b9f82f8ca7c271a007e80
1692,1692,,f2d754f7d62175bad1efe82d1f2e5eb3
1693,1693,,ffcd5e476dea3842fd586a2511bda00a
1694,1694,,52d9a37c4aed587a8b7df91a35c31348
1695,1695,,7be4621707d8af06396f539bfb9e968f
1696,1696,,49f922240bda87613e3db6c79e3325e1
1697,1697,,ffb0fcec1d2c8e86d0e0bcc96cb75796
1698,1698,,cc40898efc784ce0f1b076bb07e44a15
1699,1699,,77a96e67c66652e724772e27823df133
1700,1700,,44ebb4ef913d3632be395dcadd1160b0
1701,1701,,5f4573ea225751ea1d4fcbf583f03180
1702,1702,,48a26c9d14b6fc129b008725f23b88e8
1703,1703,,aef08f28c2595816a555646291b12271
1704,1704,,4e9bf145fda46f9445b7fa6cd9c9636d
1705,1705,,025704ba17bed6ef94ed2c8e49ba79c4
1706,1706,,0d135a897dafb6f754560cc09a826cd2
1707,1707,,c3a2be719a3ec59e09b546ecc01c4c9d
1708,1708,,48159145e5694b7a655fc02ba87dbc79
1709,1709,,76d20258aefcc901a746be85fe6c812b
1710,1710,,fc16e13771d010ab15f39b7e1edecd36
1711,1711,,f4a80903f895561e09c0d3fbace89068
1712,1712,,53b0915aaa6eb3b30b15329a39520747
1713,1713,,2bd1a2bf97cb4406aca65eca7381a22c
1714,1714,,86b92bac64306c11c7b3d94b6045d54c
1715,1715,,05a3049c9b3d970a80b0e519345a7e9e
1716,1716,,c6b5ddb641662bbb9270bf9ec8f5f4e2
1717,1717,,578ce8cb74af6722b4be5c3a7e7c7086
1718,1718,,cf004c68a82798278b73ab51f07610a5
1719,1719,,7922abf088f517c4ee23aa0b7e436f52
1720,1720,,c8b4eb35d2656c3d7e27bcf07c6d85f5
1721,1721,,78377dcbe0eff3d5d4b74de8d3a326b9
1722,1722,,e569986267252ef76ac31a1b93025829
1723,1723,,edb17b9c8902af61fd9a9b674a665f43
1724,1724,,dfea985bbdcd1d8642ed16875334cace
1725,1725,,be6349f293c34bcb9066c9992071d547
1726,1726,,2deddda93b7d8fb4a8e75945b1013b31
1727,1727,,780e86793065f3b47a8b298ba5c14294
1728,1728,,9cc8204a7d75a6a891f574c6abf97fd6
1729,1729,,465fccce206739545d92bc325c38eb8c
1730,1730,,301d24d19f1268a89e2b76d5f96305d4
1731,1731,,a67f319098ef361a0a439c0da06f0080
1732,1732,,7926269bbfef51a8074915a96a49bbfe
1733,1733,,0438faff42b1bf819db028b57e9fe050
1734,1734,,6b9e6ef18d2873504688613f99171fd3
1735,1735,,f7afcb108af312a58f14b75ba37fb32f
1736,1736,,ed93683d086519834dbd3b10c251d777
1737,1737,,bc9e41e27be07a12e23485a5c5ab844d
1738,1738,,1a2a0f11b8cb52003e3a62f964ed6dac
1739,1739,,a1f5d3eab46ac1fe3df029747c43b5c8
1740,1740,,b014b8dad6ea36638e24826107ddb7bb
1741,1741,,a72206c2403211ab6820341712618a92
1742,1742,,559ba69589184d0d5fa91bf9e04d87be
1743,1743,,8198988ac69cec688fe880a80f22f375
1744,1744,,bffece47b7c05b756804c0987a6c4d7a
1745,1745,,cedd4928f75ee4170d934d2059f97707
1746,1746,,d0bc6c036d54ede22c28e49effbd5897
1747,1747,,13a79d6bd4d9771723454f8f2fbaa168
1748,1748,,e12c14a89858f44ab9a8f6886905faa3
1749,1749,,bbd4ea5e7d047cdf07d77990085b5468
1750,1750,,1239b2febff893e422878dca6b2d6cfc
1751,1751,,abc1ea8e759b035071c806aeb051696c
1752,1752,,bb2a7e861a1d652560732eb646ad58c9
1753,1753,,55a6d1937d03cae53c7a2c07d97b4b54
1754,1754,,4dfc52b07b6f149b9fc1a968e9d21986
1755,1755,,38c9e485a3468ca86ab17ff446610331
1756,1756,,9e9dd6ca8a25168d6ec14bca6693943a
1757,1757,,aa99f4f52b42f3949d68484c0d91a586
1758,1758,,000ab5942b688fd8cbc05df2cb897078
1759,1759,,e148ddf11ac1bf99c9713ae556614613
1760,1760,,9207672fe100789c0509ee667d863aa3
1761,1761,,2b6207b1ce47f92b9eb5d194844a80d0
1762,1762,,1ff5371da66c464d81e804b353b86586
1763,1763,,7551570f132e1a8cccbcb9439582ef7a
1764,1764,,047b170d3534b62a75781b6f04218802
1765,1765,,ede445346407e335063858dc905e92d5
1766,1766,,03733d1c56afff475f8a51e0b4ceafcb
1767,1767,,6b962fff9acbd9ea274979d3b0654b7c
1768,1768,,7ae510cb1a06f421dd27d02fe7468900
1769,1769,,b91077129fbcdd6cd2a4f4ce7d588427
1770,1770,,f4fc8a127a922288a8c12ab18a81d95d
1771,1771,,1a71d5df182018607001649644a52a01
1772,1772,,bb7759f825cfb0dabc3dd55c3df50c26
1773,1773,,b67287793b3cfa203b35835b74dcc9d4
1774,1774,,d2ab5a66801026350b930df0a78892a7
1775,1775,,8842598c7406363a64431466d6591836
1776,1776,,7ebdc5bacfd22b5921b5d86f299e506f
1777,1777,,cf1b664a83b7873f75fa997624d07ac6
1778,1778,,9a554dfbd72bff0e8b58c18997c35d72
1779,1779,,c4f61d841d3fcd64926fda4bd406270c
1780,1780,,9f0338e836f5ea99d76e62802c93cf01
1781,1781,,415e3c86a1c4ad203fb8d52b7c4cb0f3
1782,1782,,ccfc651e343a4928738bf35ebcb51fe9
1783,1783,,cfe468558ad4513cbc4c20dcb9a5cc0e
1784,1784,,6be43151ce3615b5ec8797a8361c4d2a
1785,1785,,0e07cef86d37033399b8d0e18202ee16
1786,1786,,62c4f260d6eee86c58d483695f50f768
1787,1787,,d1a82c1239053fbc64941ecdcca4c94f
1788,1788,,3400688698b0c359686d6b198d8081a7
1789,1789,,1bca04f371577226b09d135a180e1cf0
1790,1790,,009f36bc8908f256ffb2a87c1e137589
1791,1791,,3f641081b38173da53ea690b7efc6b48
1792,1792,,96d048126a7917400de70785b53c77de
1793,1793,,236d7bdb793db569385bf83f74f628e3
1794,1794,,d2e5db11ac547a03624f4d5f94b3b26b
1795,1795,,c3dd33693826d0ab4de7d9c4d0e47a22
1796,1796,,e5c2fba4a83efed930da6c77e2625fe0
1797,1797,,cb54af8226991c5e4ee099b89285c3f3
1798,1798,,0c5da939d8614b69488b35fb4ffe13b7
1799,1799,,a1394f424f834ad6d8b305db9504638b
1800,1800,,8a2f1ad3f73db397e43d871db50235f9
1801,1801,,b85fd92dbf385b28f80cfcb88913d78c
1802,1802,,313c5275da009e55addb3d77b7a154a6
1803,1803,,5165645db660850682463919b9dcb6ba
1804,1804,,b717e35d0003f5747efe74b1d3690e36
1805,1805,,5a7147f5a5ca1e9a81019862f6bd2275
1806,1806,,53f8a7cb53ab9a594aefadcee6e26796
1807,1807,,cf6d00d5b72e13e37398fedc0eb6d95b
1808,1808,,d08cea540e3a52c09a872b9f537ae9a1
1809,1809,,dc67d9f00ae627c7aca76909bfe9fb89
1810,1810,,ca333dfee286745e65f250d706dbbc9a
1811,1811,,a7ad8e1085d3877e7a60c52d42d61c4b
1812,1812,,a085d8615bce0cdbcbc17ab78c777542
1813,1813,,5584bf96103ceeba5f73f8404cf6fcd9
1814,1814,,1edecb16867349a6e6c6199627d0df9a
1815,1815,,a3fa7382a5bd202b88d5172dd08cf512
1816,1816,,c2fa0004d0c21dd518a750d791cf4b9a
1817,1817,,451c58358e27216caf7a318a9aface2a
1818,1818,,3dd0ef194b5e98202fbab79f741196d3
1819,1819,,7bc694e179d7796486e85f77b7ff7e99
1820,1820,,6b0379371977be31bc98e2a2eecfd4b2
1821,1821,,5b386b62ebdbec95c75db0560bbfd516
1822,1822,,f1b1080311b03da4aaaa840d1067af5c
1823,1823,,e773a74013e833f919ef65293c8fca37
1824,1824,,8b69345a537e804b98e40bd3b5befbbe
1825,1825,,9b023e420daf58eca82035b9f708e3e0
1826,1826,,38c06a89ebfd1b493761953f8be371cb
1827,1827,,73e598dfa5ac2ce60f9b7c446fe9cd66
1828,1828,,3b31729108748e33cdc7b3fb4c383d04
1829,1829,,b9f6ce3d5c149e1ddc5aa81260df3bd3
1830,1830,,3c03feeb308af855e8dc40dad55c7017
1831,1831,,1446a02e71d25837bbd4f4dc237bf89f
1832,1832,,724172025a1356c924e82545db61b1f4
1833,1833,,24cee7ec0d711c3a74438fbac922cf45
1834,1834,,c43131a4fdceb53bfa1e56ec68bd62b2
1835,1835,,227f1a7b454a444717ad8b76316404d9
1836,1836,,1e1dec6a11cb341b0545e4ebb2b5a587
1837,1837,,df98e024077b03a7afd4d1006e0a45f8
1838,1838,,9d670c7a8af6a8b9826e09ef74d54def
1839,1839,,8de7da17c726c32a848f30f649a9f597
1840,1840,,6433cdeef54a24dfa2e9616abd7da295
1841,1841,,36e0a69b48267959f52bad4bcda24f82
1842,1842,,23ba74842ac973ff5099b4d2d63cd3de
1843,1843,,48dbe8de233ac75e5ee7c86b1c8b91ce
1844,1844,,cc67747f1060f14dd5fe02e74c438d94
1845,1845,,dd861139c06fa361b6a329c3e3812be2
1846,1846,,a6a58439fd32b8aa73ab093db8ea5b4e
1847,1847,,18f5c678a7ada09a032fba320b6b9bde
1848,1848,,7801253c6aa24d148a447f97fa091333
1849,1849,,4ef6c78b8bf635b831eba16ec68cf138
1850,1850,,9171dff0bc9a7b955e05a849e6f68939
1851,1851,,946a5a4494cf857c0587fe7aacd77ea4
1852,1852,,248ebb1051ae83a2bb11703de06787df
1853,1853,,b243239837bcae8886c9ab0569016128
1854,1854,,08ce5b4eaa57673b8287a414f3a6e88d
1855,1855,,629bd0cb159f2edd83a02c7a949bc4e7
1856,1856,,4aa9a6a156f1118548b35adb20f0f23d
1857,1857,,3be1337eb56f7840850d167f7dd7c652
1858,1858,,3c9eaacc195efd2ec02e552882828f41
1859,1859,,7861cacac2b75b49765713ae33e78282
1860,1860,,3005b16dcbce69e2e0dca0e278726852
1861,1861,,7171ff7d51c09261b50d2b8d41559740
1862,1862,,b77b70f1bf94112123a58def11f8b059
1863,1863,,7e3ca208326660734ff2daa9500b0612
1864,1864,,df89419302313b52b95eb25b2876c072
1865,1865,,2f2bd0013d93068dbc5f8a71584f6633
1866,1866,,5f354975b67f76eaac7d15a62ec7429c
1867,1867,,e33b475eec040fc444d09319f0732cd9
1868,1868,,b609c5b5b716fedcd6856410da40fd3e
1869,1869,,2fac320ad9f36ca370c7a3fca30c944b
1870,1870,,1ea5ccbecd80038159ce38dc460e8bb5
1871,1871,,4c6b0671a7c47e9c57b8042777b48d3a
1872,1872,,ca034ab2ca22d873be092f6dbbdf206f
1873,1873,,e59025220bd7983c283f4661e4441807
1874,1874,,c90977391820b3eb5c575b2c4efd5bbf
1875,1875,,b3ddd7abb663e41588e5f8188714fcea
1876,1876,,3ad456064b191e74f56885d3593861cb
1877,1877,,390daf14a013f4c373c730113437d760
1878,1878,,bbb00b52836995ad879cd78d9c222275
1879,1879,,dc19481765f6b6117ccfccc28b1c48ec
1880,1880,,1102e58176b15abb1d640d8a411b5c2f
1881,1881,,43bb18235abeb926828799187afcfbcc
1882,1882,,806b433c014b55bb46556afd7d5046d3
1883,1883,,cfbf30c5165d8a1744cef318b36d52a5
1884,1884,,c87b0ab53606614efa4aa52947b008fb
1885,1885,,4a1159fa09b3d6a7a0b6ff241a1f8c2a
1886,1886,,42829efeff442ec4ecd7fcb071c2af36
1887,1887,,dead6a680f762f261da599581ae08d65
1888,1888,,4835e3af4eec4085cba6ef84d8dec863
1889,1889,,f280de5cfd7b01a9ec8fdd4ee69fe1e1
1890,1890,,21d773110f3b176fc15e580a90eb574f
1891,1891,,ce5e9c2db67dcb5f558d0f264434332d
1892,1892,,0a5c269fecafeada9079f1ac8eae77d5
1893,1893,,503cef3b02edf2d9e09e53689502503c
1894,1894,,cde074462bb927b977b2beacf04f9eb0
1895,1895,,70cb6ddc8a3e16421488edeeb6af22e2
1896,1896,,5a178c04e025cd27a7ca3c96da92db57
1897,1897,,57c92c6a1dad4073dd0c4c25f420cee0
1898,1898,,57b4334fbdef4d47b5c94ef769973502
1899,1899,,22190597ad49ee783ad7c1a93249516f
1900,1900,,59d02ba963c7e650f095633dafd16455
1901,1901,,3b8bcb47b6f5d5abee4b1628a4adca13
1902,1902,,dafdd4e6c051f3b98c640109d55b19e0
1903,1903,,a638a5b027e73bd6783c89ed51e6fce9
1904,1904,,b6dbf29d362bec6b621644fc3e0da825
1905,1905,,5ddeb59e327af282d4edd294d5b07bfe
1906,1906,,a585c75a23b21b672766b3ebca0f1f2b
1907,1907,,67da8fa27f5e62cf8fbc9077a69649c1
1908,1908,,f5641d1c81dc04663220c86628a70b7d
1909,1909,,1a224a4e936873503bc8df29249c43ee
1910,1910,,f0c3142c1825b3be4d53951edd7e59e1
1911,1911,,98502a46ab142450221d3eaec36b9b7c
1912,1912,,569cadd3d4da348639f3ea3baa3af87b
1913,1913,,8bfd1132c351896131779c3c81064729
1914,1914,,7652af3b73c6abb667744c8f20a29cd4
1915,1915,,b828819e4e967790befd18586c933181
1916,1916,,37ac92ab1b8d2bc58c3f3a368cd19476
1917,1917,,52f2d7a74878c84788c225a8c5a861fc
1918,1918,,8be449269e7b859ccabe4d372b4e0627
1919,1919,,a314355e75e6f01f03eb06d24bfd2539
1920,1920,,64858c84f76202313d7cc51d60b80de0
1921,1921,,ca613db00ba2e3d851dea3e6dc487c2d
1922,1922,,31555da4cca517019791e2902bbaa43a
1923,1923,,8b5246ab8336ccd665e6a225657c7aee
1924,1924,,a87e8242c357e0e8c493b7eeefbfeed5
1925,1925,,9649bb4305a58bf64268ccbb26b927de
1926,1926,,3e2990fd121b6161e09ae1d1eeed30f9
1927,1927,,043605552809dc136dca8d48d2cdc884
1928,1928,,82bcf9c57d60ee500210cfd64cb3c34b
1929,1929,,2defd41547aa8a0eca251266a82f7e3f
1930,1930,,cc56874340d7929e74d6509e4b0ecb55
1931,1931,,dd73e234c8548aff0c3044aec3d3e22a
1932,1932,,481b942b24d6d7e25a5c3b08d12c8d38
1933,1933,,793984e4f0d14a02c207db8caef3efe7
1934,1934,,b49f507167f13204de89c7675ba3cd31
1935,1935,,580e89dd40abdecdfb5f5ca824c8e735
1936,1936,,fc33129ff9adfb303abe830631d9827e
1937,1937,,f6266a981588476e26d7f36c36872a0f
1938,1938,,937a79d5a880f6ed43b82869f76ac5f4
1939,1939,,5a4a5edef43ed134dfe21bcaf4f37b66
1940,1940,,4f5692977912ef1c36669b11d3234c1c
1941,1941,,49cbcad2dba0df701ea71355407703eb
1942,1942,,88dc820d4c0a1ab3b8cb92383fedc81b
1943,1943,,835ba30e6da0510ccf73468dcafaae15
1944,1944,,990113e215f3220ac9b1edb44e54dfe9
1945,1945,,d85eb0c12d092b60d6d75a416d371cf1
1946,1946,,ea1c3aff9f5960da7ffaa589f538ac57
1947,1947,,8b77f22b05cfe3866d921b3aca11f703
1948,1948,,f6d4ef7fbc4d6891063ca5a0c124268f
1949,1949,,6433ce2bb96716bdc75af3a07a84ae2e
1950,1950,,725d75ff7b6f8fc6ffed8377a5b7f8d0
1951,1951,,e877515d632c7d246c0cbd892f657b06
1952,1952,,dc7f301a38b493bd4021c3e805c8a60f
1953,1953,,c34c3dfd1cea962088f1daacba18a4c7
1954,1954,,480e6741eddffe292691c15661fe8afa
1955,1955,,ecaa3a82a1ba4595483bb7fc8e9cfd3d
1956,1956,,7548d0d4ce4332f0b02dfaf1f5eae8c6
1957,1957,,00a88fde31c7f5576e6ed4b07b1aaa23
1958,1958,,698e8c8cc6a3753dc2f412c3de8cccc2
1959,1959,,df2703198b83fee60c00dfb91236b2eb
1960,1960,,b1a92340f1fe4a806345e324eb355d32
1961,1961,,620c3f4ae1287e52fd460e5b28beb9db
1962,1962,,3112e5c6787e680aa5c7e65f540411d6
1963,1963,,4146dee2e27376ac1f04ba5753e1019f
1964,1964,,9cd5fcea6d7c5f0c251361383c434c87
1965,1965,,2a1fd1d2bed1df3ed323fc5e8a5b8031
1966,1966,,e49c66392ab95b316c64a423a5550a69
1967,1967,,7780493a62cd022a52db87dc9b401d41
1968,1968,,845108a5663cc923c3cb361ba8a50274
1969,1969,,77e568dfb2b213f6637fe2d5a5ed9e96
1970,1970,,dda45eeabbc237e6ed412c7560ed5a92
1971,1971,,c89722e7af607595a3aed0d217f8a8be
1972,1972,,d5dca58d34add5f184c766d14df8eb0d
1973,1973,,916fbd1b5c4f940d28a24f41423c8827
1974,1974,,6198934df9e32a6e9e629ed14a2a8b80
1975,1975,,9fb82dc8bc69afbddcfbf95ae0e2b2f1
1976,1976,,de783258277ce7178c1fe32046b53d6e
1977,1977,,a97fe13bafa0fe9fd672fcf50f1c0d9e
1978,1978,,eb066ade764457ffce00367063acc604
1979,1979,,21edc662f018665cd31651260b3a7b6d
1980,1980,,75f0c65402c9029d68569866fbe7f5bf
1981,1981,,2ec024800046e538efcc892f0c60dec3
1982,1982,,98a1f7dc6a889688bb4c7e3b33affe74
1983,1983,,213405b7364a0c35e277f373a86c8cd9
1984,1984,,7a8d9407e806080c5f29ab807e44c842
1985,1985,,678e8cba8dd1a8febdf9319c90d7cf3d
1986,1986,,84944de92bf1c551c1937c085dac8799
1987,1987,,8e17fea4bacd47c210fb5752cbedd3fe
1988,1988,,4a289ebacdc099dfd3618326df935def
1989,1989,,3b232c2a0eee09703a590f0d3bd79885
1990,1990,,1293769147713ce492a35509f576f65c
1991,1991,,cb83465091eacd5668f565462d4ab74f
1992,1992,,c48f2748b6623211eabe1b4d207d5cbb
1993,1993,,35605a0c139121fbe43ba44c27fe526b
1994,1994,,0f8aefc3355d2dc26c815ba9af3d9dbf
1995,1995,,a7faed9e97c17a72caceef4b32206c9d
